index,participant,filename
169,aaron blake,0169_aaron_blake.txt
170,natalie foster,0170_natalie_foster.txt
171,jordan patel,0171_jordan_patel.txt
172,leo,0172_leo.txt
173,daniel,0173_daniel.txt
174,melissa,0174_melissa.txt
175,brandon,0175_brandon.txt
176,ashley,0176_ashley.txt
177,kevin,0177_kevin.txt
178,marcus,0178_marcus.txt
179,leonard,0179_leonard.txt
180,julian vance,0180_julian_vance.txt
181,elena rodriguez,0181_elena_rodriguez.txt
182,gregory miller,0182_gregory_miller.txt
183,sophie whitmore,0183_sophie_whitmore.txt
184,derek thompson,0184_derek_thompson.txt
185,marcus thorne,0185_marcus_thorne.txt
186,sarah jenkins,0186_sarah_jenkins.txt
187,kevin o malley,0187_kevin_o_malley.txt
188,elena rivera,0188_elena_rivera.txt
189,david wu,0189_david_wu.txt
190,samantha lowery,0190_samantha_lowery.txt
191,harrison reed,0191_harrison_reed.txt
192,victor morales,0192_victor_morales.txt
193,beatrice thorne,0193_beatrice_thorne.txt
194,julian fletcher,0194_julian_fletcher.txt
195,nathan brooks,0195_nathan_brooks.txt
196,gregory miller,0196_gregory_miller.txt
197,elena rodriguez,0197_elena_rodriguez.txt
198,tyler vance,0198_tyler_vance.txt
199,anita desai,0199_anita_desai.txt
200,jordan p,0200_jordan_p.txt
201,chloe whitmore,0201_chloe_whitmore.txt
202,marcus thorne,0202_marcus_thorne.txt
203,elena rivera,0203_elena_rivera.txt
204,david wu,0204_david_wu.txt
205,samantha l,0205_samantha_l.txt
206,julian fletcher,0206_julian_fletcher.txt
207,beatrice thorne,0207_beatrice_thorne.txt
208,dominic vance,0208_dominic_vance.txt
209,sierra thorne,0209_sierra_thorne.txt
210,elena moretti,0210_elena_moretti.txt
212,julianne miller,0212_julianne_miller.txt
213,chloe bennett,0213_chloe_bennett.txt
214,terrence boyle,0214_terrence_boyle.txt
215,maxwell graves,0215_maxwell_graves.txt
216,riley cooper,0216_riley_cooper.txt
217,arthur pendel,0217_arthur_pendel.txt
218,darren miller,0218_darren_miller.txt
219,monica geller,0219_monica_geller.txt
220,kevin zhao,0220_kevin_zhao.txt
221,laura jenkins,0221_laura_jenkins.txt
222,julian banks,0222_julian_banks.txt
223,riley cooper,0223_riley_cooper.txt
224,arthur pendel,0224_arthur_pendel.txt
226,grant miller,0226_grant_miller.txt
228,terrence vance,0228_terrence_vance.txt
229,megan r,0229_megan_r.txt
230,daniel p,0230_daniel_p.txt
231,rachel t,0231_rachel_t.txt
232,kevin l,0232_kevin_l.txt
233,alicia m,0233_alicia_m.txt
234,tyler g,0234_tyler_g.txt
235,melissa a,0235_melissa_a.txt
236,marcus d,0236_marcus_d.txt
237,hannah s,0237_hannah_s.txt
238,andrew c,0238_andrew_c.txt
239,brandon k,0239_brandon_k.txt
240,natalie r,0240_natalie_r.txt
241,victor l,0241_victor_l.txt
242,kayla m,0242_kayla_m.txt
243,kevin b,0243_kevin_b.txt
244,olivia d,0244_olivia_d.txt
245,darren s,0245_darren_s.txt
246,rachel m,0246_rachel_m.txt
247,anthony p,0247_anthony_p.txt
248,amanda f,0248_amanda_f.txt
249,tyler m,0249_tyler_m.txt
250,kevin r,0250_kevin_r.txt
251,jeremy l,0251_jeremy_l.txt
252,brian k,0252_brian_k.txt
253,rachel t,0253_rachel_t.txt
254,daniel s,0254_daniel_s.txt
255,jessica miller,0255_jessica_miller.txt
256,nicole p,0256_nicole_p.txt
257,jeremy p,0257_jeremy_p.txt
258,marcus l,0258_marcus_l.txt
259,tyler g,0259_tyler_g.txt
260,alicia w,0260_alicia_w.txt
261,alicia m,0261_alicia_m.txt
262,thomas r,0262_thomas_r.txt
263,dana s,0263_dana_s.txt
264,carlos g,0264_carlos_g.txt
265,evan t,0265_evan_t.txt
266,natalie p,0266_natalie_p.txt
268,lisa m,0268_lisa_m.txt
269,marcus d,0269_marcus_d.txt
270,ryan b,0270_ryan_b.txt
271,olivia c,0271_olivia_c.txt
272,derek h,0272_derek_h.txt
273,paula m,0273_paula_m.txt
274,marcus l,0274_marcus_l.txt
275,monica l,0275_monica_l.txt
276,lauren s,0276_lauren_s.txt
277,kevin r,0277_kevin_r.txt
278,andre m,0278_andre_m.txt
279,haley c,0279_haley_c.txt
280,jared b,0280_jared_b.txt
281,olivia r,0281_olivia_r.txt
282,trevor d,0282_trevor_d.txt
283,simone k,0283_simone_k.txt
284,daniel w,0284_daniel_w.txt
285,trevor p,0285_trevor_p.txt
287,emily f,0287_emily_f.txt
288,kyle m,0288_kyle_m.txt
289,natalie d,0289_natalie_d.txt
291,aaron s,0291_aaron_s.txt
294,victor s,0294_victor_s.txt
298,dana r,0298_dana_r.txt
299,kevin l,0299_kevin_l.txt
300,eric d,0300_eric_d.txt
301,monica k,0301_monica_k.txt
302,patrick h,0302_patrick_h.txt
303,alyssa m,0303_alyssa_m.txt
304,jerome t,0304_jerome_t.txt
305,hannah c,0305_hannah_c.txt
306,trevor k,0306_trevor_k.txt
308,brian d,0308_brian_d.txt
310,victor l,0310_victor_l.txt
313,rachel d,0313_rachel_d.txt
314,dante m,0314_dante_m.txt
315,elaine k,0315_elaine_k.txt
316,jared p,0316_jared_p.txt
317,brooke a,0317_brooke_a.txt
318,leo r,0318_leo_r.txt
319,tasha w,0319_tasha_w.txt
320,dennis c,0320_dennis_c.txt
321,kendra s,0321_kendra_s.txt
322,caleb r,0322_caleb_r.txt
324,damon s,0324_damon_s.txt
325,lila w,0325_lila_w.txt
326,harold b,0326_harold_b.txt
327,casey m,0327_casey_m.txt
328,simon k,0328_simon_k.txt
330,darren l,0330_darren_l.txt
332,liam,0332_liam.txt
333,chloe,0333_chloe.txt
335,sarah,0335_sarah.txt
337,nina,0337_nina.txt
338,jack,0338_jack.txt
339,mia,0339_mia.txt
340,leo,0340_leo.txt
341,zoe,0341_zoe.txt
342,aaron mitchell,0342_aaron_mitchell.txt
343,haley simmons,0343_haley_simmons.txt
344,trevor daniels,0344_trevor_daniels.txt
345,denise parker,0345_denise_parker.txt
346,tyler brooks,0346_tyler_brooks.txt
347,monica rivera,0347_monica_rivera.txt
348,scott turner,0348_scott_turner.txt
349,claire donnelly,0349_claire_donnelly.txt
350,jordan keller,0350_jordan_keller.txt
351,rachel bennett,0351_rachel_bennett.txt
353,chloe,0353_chloe.txt
354,marcus,0354_marcus.txt
355,sarah,0355_sarah.txt
356,evan,0356_evan.txt
358,jack,0358_jack.txt
359,mia,0359_mia.txt
360,leo,0360_leo.txt
361,zoe,0361_zoe.txt
362,ethan walker,0362_ethan_walker.txt
363,nicole adams,0363_nicole_adams.txt
364,marcus reed,0364_marcus_reed.txt
365,lauren fisher,0365_lauren_fisher.txt
366,brandon cole,0366_brandon_cole.txt
367,olivia grant,0367_olivia_grant.txt
368,daniel price,0368_daniel_price.txt
369,rachel bennett,0369_rachel_bennett.txt
370,steven morales,0370_steven_morales.txt
371,hannah cooper,0371_hannah_cooper.txt
372,liam,0372_liam.txt
373,chloe,0373_chloe.txt
374,marcus,0374_marcus.txt
376,evan,0376_evan.txt
378,jack,0378_jack.txt
379,mia,0379_mia.txt
382,tyler jensen,0382_tyler_jensen.txt
383,megan brooks,0383_megan_brooks.txt
384,carlos vega,0384_carlos_vega.txt
385,danielle harper,0385_danielle_harper.txt
386,patrick doyle,0386_patrick_doyle.txt
387,jasmine reed,0387_jasmine_reed.txt
388,brian o connor,0388_brian_o_connor.txt
391,olivia sanders,0391_olivia_sanders.txt
394,karen hernandez,0394_karen_hernandez.txt
401,alex carter,0401_alex_carter.txt
407,andrew clark,0407_andrew_clark.txt
410,emily carter,0410_emily_carter.txt
411,thomas greene,0411_thomas_greene.txt
412,tyler jennings,0412_tyler_jennings.txt
413,rachel kim,0413_rachel_kim.txt
414,carlos mendoza,0414_carlos_mendoza.txt
415,natalie foster,0415_natalie_foster.txt
416,megan harper,0416_megan_harper.txt
417,derek lawson,0417_derek_lawson.txt
418,olivia bennett,0418_olivia_bennett.txt
419,kevin morales,0419_kevin_morales.txt
420,allison reed,0420_allison_reed.txt
421,aaron whitfield,0421_aaron_whitfield.txt
422,jenna caldwell,0422_jenna_caldwell.txt
423,leo ramirez,0423_leo_ramirez.txt
424,brooke sanders,0424_brooke_sanders.txt
425,nathan cole,0425_nathan_cole.txt
426,caleb john,0426_caleb_john.txt
427,travis scott,0427_travis_scott.txt
428,natalie,0428_natalie.txt
429,alicia,0429_alicia.txt
430,marcus,0430_marcus.txt
431,mason,0431_mason.txt
432,ethan m,0432_ethan_m.txt
433,rachel d,0433_rachel_d.txt
434,jason l,0434_jason_l.txt
435,olivia s,0435_olivia_s.txt
436,brandon k,0436_brandon_k.txt
437,daniel harper,0437_daniel_harper.txt
438,alicia benton,0438_alicia_benton.txt
439,trevor collins,0439_trevor_collins.txt
440,natalie brooks,0440_natalie_brooks.txt
441,marcus hill,0441_marcus_hill.txt
442,brandon keller,0442_brandon_keller.txt
443,melissa grant,0443_melissa_grant.txt
444,victor alvarez,0444_victor_alvarez.txt
445,rachel simmons,0445_rachel_simmons.txt
446,leonard price,0446_leonard_price.txt
447,tyler jennings,0447_tyler_jennings.txt
448,brianna cole,0448_brianna_cole.txt
449,kenneth boyd,0449_kenneth_boyd.txt
450,sophie bennett,0450_sophie_bennett.txt
451,marcus doyle,0451_marcus_doyle.txt
452,aaron mitchell,0452_aaron_mitchell.txt
453,lauren bishop,0453_lauren_bishop.txt
454,marcus greene,0454_marcus_greene.txt
455,emily carter,0455_emily_carter.txt
456,leonard briggs,0456_leonard_briggs.txt
457,ethan caldwell,0457_ethan_caldwell.txt
458,alicia moreno,0458_alicia_moreno.txt
459,logan pierce,0459_logan_pierce.txt
460,dana schultz,0460_dana_schultz.txt
461,victor hammond,0461_victor_hammond.txt
462,michelle grant,0462_michelle_grant.txt
463,kyle donovan,0463_kyle_donovan.txt
464,derek sullivan,0464_derek_sullivan.txt
465,kayla monroe,0465_kayla_monroe.txt
466,anthony delgado,0466_anthony_delgado.txt
467,jenna whitfield,0467_jenna_whitfield.txt
468,harold mckinley,0468_harold_mckinley.txt
469,tyler grant,0469_tyler_grant.txt
470,daniel harper,0470_daniel_harper.txt
471,angela torres,0471_angela_torres.txt
472,marcus bell,0472_marcus_bell.txt
473,tyler mcgraw,0473_tyler_mcgraw.txt
474,lauren whitaker,0474_lauren_whitaker.txt
475,brandon cole,0475_brandon_cole.txt
476,daniel harper,0476_daniel_harper.txt
477,alicia benton,0477_alicia_benton.txt
478,marcus delgado,0478_marcus_delgado.txt
479,trevor lawson,0479_trevor_lawson.txt
480,ryan caldwell,0480_ryan_caldwell.txt
481,stephanie miller,0481_stephanie_miller.txt
482,kevin o neal,0482_kevin_o_neal.txt
483,laura simmons,0483_laura_simmons.txt
484,jordan blake,0484_jordan_blake.txt
485,brandon keller,0485_brandon_keller.txt
486,michelle torres,0486_michelle_torres.txt
487,eric lawson,0487_eric_lawson.txt
488,kevin o neal,0488_kevin_o_neal.txt
489,kevin morales,0489_kevin_morales.txt
490,olivia grant,0490_olivia_grant.txt
491,marcus lee,0491_marcus_lee.txt
492,hannah cooper,0492_hannah_cooper.txt
493,caleb foster,0493_caleb_foster.txt
494,monica blake,0494_monica_blake.txt
496,alicia morgan,0496_alicia_morgan.txt
497,tyler dean,0497_tyler_dean.txt
498,lauren briggs,0498_lauren_briggs.txt
499,nathan cole,0499_nathan_cole.txt
500,grace whitaker,0500_grace_whitaker.txt
501,derek vaughn,0501_derek_vaughn.txt
502,megan riley,0502_megan_riley.txt
503,jordan ellis,0503_jordan_ellis.txt
504,stephanie ward,0504_stephanie_ward.txt
505,trevor miles,0505_trevor_miles.txt
506,natalie cross,0506_natalie_cross.txt
507,alex harmon,0507_alex_harmon.txt
508,brooke larson,0508_brooke_larson.txt
509,sean patel,0509_sean_patel.txt
510,emily porter,0510_emily_porter.txt
511,kyle benson,0511_kyle_benson.txt
512,tara collins,0512_tara_collins.txt
513,hannah,0513_hannah.txt
514,lucas,0514_lucas.txt
515,sophie,0515_sophie.txt
516,eric,0516_eric.txt
517,lauren,0517_lauren.txt
518,matthew,0518_matthew.txt
519,alicia,0519_alicia.txt
520,caleb,0520_caleb.txt
521,natalie,0521_natalie.txt
522,patrick,0522_patrick.txt
523,damon,0523_damon.txt
524,alica,0524_alica.txt
525,harold,0525_harold.txt
526,brianna,0526_brianna.txt
527,shane,0527_shane.txt
529,calvin,0529_calvin.txt
530,natalia,0530_natalia.txt
531,victor,0531_victor.txt
532,lillian,0532_lillian.txt
533,raymond,0533_raymond.txt
534,tania,0534_tania.txt
535,grant,0535_grant.txt
536,sophia,0536_sophia.txt
538,brielle,0538_brielle.txt
539,leonard,0539_leonard.txt
541,andre,0541_andre.txt
542,felicia,0542_felicia.txt
544,kelvin,0544_kelvin.txt
545,kelly,0545_kelly.txt
546,july,0546_july.txt
548,alina,0548_alina.txt
549,alex,0549_alex.txt
551,angelina,0551_angelina.txt
552,jolie,0552_jolie.txt
553,preston,0553_preston.txt
555,cedric,0555_cedric.txt
557,lionel,0557_lionel.txt
559,harrison,0559_harrison.txt
562,camille,0562_camille.txt
566,bianca,0566_bianca.txt
567,malcolm,0567_malcolm.txt
571,darius,0571_darius.txt
574,melissa carter,0574_melissa_carter.txt
575,brian o neil,0575_brian_o_neil.txt
576,ashley nguyen,0576_ashley_nguyen.txt
577,jonathan pierce,0577_jonathan_pierce.txt
578,marcus fields,0578_marcus_fields.txt
579,pastry cook,0579_pastry_cook.txt
580,olivia grant,0580_olivia_grant.txt
581,ethan caldwell,0581_ethan_caldwell.txt
582,marcus bell,0582_marcus_bell.txt
583,trevor lang,0583_trevor_lang.txt
584,susan gonzalez,0584_susan_gonzalez.txt
587,david clark,0587_david_clark.txt
588,mary sanchez,0588_mary_sanchez.txt
590,mary thompson,0590_mary_thompson.txt
591,joshua white,0591_joshua_white.txt
592,john garcia,0592_john_garcia.txt
593,richard ramirez,0593_richard_ramirez.txt
594,melissa miller,0594_melissa_miller.txt
596,david martin,0596_david_martin.txt
597,steven williams,0597_steven_williams.txt
599,michelle sanchez,0599_michelle_sanchez.txt
600,edward sanchez,0600_edward_sanchez.txt
601,elizabeth thompson,0601_elizabeth_thompson.txt
603,mary smith,0603_mary_smith.txt
604,andrew martin,0604_andrew_martin.txt
606,james lee,0606_james_lee.txt
607,susan perez,0607_susan_perez.txt
608,christopher moore,0608_christopher_moore.txt
609,john miller,0609_john_miller.txt
610,matthew brown,0610_matthew_brown.txt
611,betty lewis,0611_betty_lewis.txt
612,patricia anderson,0612_patricia_anderson.txt
614,barbara anderson,0614_barbara_anderson.txt
615,david jones,0615_david_jones.txt
618,jennifer clark,0618_jennifer_clark.txt
620,michael jackson,0620_michael_jackson.txt
623,carol miller,0623_carol_miller.txt
625,anthony clark,0625_anthony_clark.txt
628,joshua johnson,0628_joshua_johnson.txt
629,george thomas,0629_george_thomas.txt
631,christopher robinson,0631_christopher_robinson.txt
633,james miller,0633_james_miller.txt
634,elizabeth martin,0634_elizabeth_martin.txt
635,lisa clark,0635_lisa_clark.txt
637,alicia grant,0637_alicia_grant.txt
639,lauren whitman,0639_lauren_whitman.txt
640,mark daniels,0640_mark_daniels.txt
641,chloe bennett,0641_chloe_bennett.txt
643,natalie rivera,0643_natalie_rivera.txt
644,peter hughes,0644_peter_hughes.txt
645,olivia matthews,0645_olivia_matthews.txt
646,liam,0646_liam.txt
647,chloe,0647_chloe.txt
652,jack,0652_jack.txt
653,mia,0653_mia.txt
654,leo,0654_leo.txt
655,zoe,0655_zoe.txt
656,edward gonzalez,0656_edward_gonzalez.txt
657,joseph moore,0657_joseph_moore.txt
662,christopher thomas,0662_christopher_thomas.txt
666,nicoloas modric,0666_nicoloas_modric.txt
667,mason trafford,0667_mason_trafford.txt
669,melissa r,0669_melissa_r.txt
670,thomas d,0670_thomas_d.txt
671,jason mount,0671_jason_mount.txt
672,romano c,0672_romano_c.txt
673,alicia monroe,0673_alicia_monroe.txt
674,alan wood,0674_alan_wood.txt
675,ethan walker,0675_ethan_walker.txt
676,lauren bishop,0676_lauren_bishop.txt
677,marcus greene,0677_marcus_greene.txt
678,natalie ford,0678_natalie_ford.txt
679,brian callahan,0679_brian_callahan.txt
680,jacob e ramsay,0680_jacob_e_ramsay.txt
681,elliot mcconnel,0681_elliot_mcconnel.txt
682,joshua andrich,0682_joshua_andrich.txt
683,nina stars,0683_nina_stars.txt
684,gregory walsh,0684_gregory_walsh.txt
685,danielle price,0685_danielle_price.txt
686,samuel ortiz,0686_samuel_ortiz.txt
687,rachel kim,0687_rachel_kim.txt
688,tyler brooks,0688_tyler_brooks.txt
689,gregory walsh,0689_gregory_walsh.txt
690,alicia turner,0690_alicia_turner.txt
691,marcus reed,0691_marcus_reed.txt
692,sandra holt,0692_sandra_holt.txt
693,tyler benson,0693_tyler_benson.txt
694,daniel r,0694_daniel_r.txt
695,alicia m,0695_alicia_m.txt
696,marcus h,0696_marcus_h.txt
697,tiffany s,0697_tiffany_s.txt
698,eric l,0698_eric_l.txt
699,ethan caldwell,0699_ethan_caldwell.txt
724,patricia wells,0724_patricia_wells.txt
725,dylan parker,0725_dylan_parker.txt
726,laura simmons,0726_laura_simmons.txt
727,kevin morales,0727_kevin_morales.txt
728,logan price,0728_logan_price.txt
729,donna alvarez,0729_donna_alvarez.txt
730,eric valdez,0730_eric_valdez.txt
731,rachel kim,0731_rachel_kim.txt
732,kevin marshall,0732_kevin_marshall.txt
733,brandon cole,0733_brandon_cole.txt
734,lorraine pierce,0734_lorraine_pierce.txt
735,derek vaughn,0735_derek_vaughn.txt
736,natalie simmons,0736_natalie_simmons.txt
737,kevin morales,0737_kevin_morales.txt
738,raymond doyle,0738_raymond_doyle.txt
739,emily foster,0739_emily_foster.txt
740,jordan patel,0740_jordan_patel.txt
741,linda chavez,0741_linda_chavez.txt
742,patrick lowe,0742_patrick_lowe.txt
743,russell grant,0743_russell_grant.txt
744,jenna alvarez,0744_jenna_alvarez.txt
745,derek shaw,0745_derek_shaw.txt
746,patricia dunn,0746_patricia_dunn.txt
758,marcus,0758_marcus.txt
759,priya,0759_priya.txt
760,marcus,0760_marcus.txt
761,priya,0761_priya.txt
762,marcus,0762_marcus.txt
763,priya,0763_priya.txt
789,lauren,0789_lauren.txt
790,marcus,0790_marcus.txt
791,priya,0791_priya.txt
792,marissa,0792_marissa.txt
793,denise,0793_denise.txt
794,maya,0794_maya.txt
795,alyssa,0795_alyssa.txt
796,marcus,0796_marcus.txt
797,priya,0797_priya.txt
798,melissa,0798_melissa.txt
799,priya,0799_priya.txt
800,marissa,0800_marissa.txt
801,daniel,0801_daniel.txt
802,priya,0802_priya.txt
803,trevor,0803_trevor.txt
804,alicia,0804_alicia.txt
805,alyssa,0805_alyssa.txt
806,trevor,0806_trevor.txt
807,nina,0807_nina.txt
808,deshawn,0808_deshawn.txt
809,ava,0809_ava.txt
810,marcus,0810_marcus.txt
811,chloe,0811_chloe.txt
909,megan,0909_megan.txt
910,brandon,0910_brandon.txt
911,talia,0911_talia.txt
912,luis,0912_luis.txt
913,chloe,0913_chloe.txt
914,alyssa,0914_alyssa.txt
915,jordan,0915_jordan.txt
916,priya,0916_priya.txt
917,trevor,0917_trevor.txt
918,becca,0918_becca.txt
919,ava,0919_ava.txt
920,marcus,0920_marcus.txt
921,nina,0921_nina.txt
922,ethan,0922_ethan.txt
923,claire,0923_claire.txt
924,ava,0924_ava.txt
925,marcus,0925_marcus.txt
926,priya,0926_priya.txt
927,jordan,0927_jordan.txt
928,elena,0928_elena.txt
929,alyssa,0929_alyssa.txt
930,marcus,0930_marcus.txt
931,priya,0931_priya.txt
932,devin,0932_devin.txt
933,beth,0933_beth.txt
979,megan,0979_megan.txt
980,priya,0980_priya.txt
981,marcus,0981_marcus.txt
982,priya,0982_priya.txt
983,alyssa,0983_alyssa.txt
984,marcus,0984_marcus.txt
985,priya,0985_priya.txt
986,marissa,0986_marissa.txt
987,darnell,0987_darnell.txt
988,elena,0988_elena.txt
989,marissa,0989_marissa.txt
990,trevor,0990_trevor.txt
991,elena,0991_elena.txt
992,emily,0992_emily.txt
993,marcus,0993_marcus.txt
994,sofia,0994_sofia.txt
995,maya,0995_maya.txt
996,andre,0996_andre.txt
997,serena,0997_serena.txt
998,avery,0998_avery.txt
999,marcus,0999_marcus.txt
1000,natalie,1000_natalie.txt
1001,alyssa,1001_alyssa.txt
1002,devon,1002_devon.txt
1003,priya,1003_priya.txt
1004,alyssa,1004_alyssa.txt
1005,marcus,1005_marcus.txt
1006,naomi,1006_naomi.txt
1007,jenna,1007_jenna.txt
1008,marcus,1008_marcus.txt
1009,priya,1009_priya.txt
1010,alyssa,1010_alyssa.txt
1011,brandon,1011_brandon.txt
1012,priya,1012_priya.txt
1013,ashley,1013_ashley.txt
1014,derek,1014_derek.txt
1015,monica,1015_monica.txt
1016,ava,1016_ava.txt
1031,caleb,1031_caleb.txt
1032,priya,1032_priya.txt
1033,olivia,1033_olivia.txt
1034,marcus,1034_marcus.txt
1035,hannah,1035_hannah.txt
1036,marissa,1036_marissa.txt
1037,theo,1037_theo.txt
1038,kiara,1038_kiara.txt
1039,alyssa,1039_alyssa.txt
1040,marcus,1040_marcus.txt
1041,priya,1041_priya.txt
1042,megan,1042_megan.txt
1043,talia,1043_talia.txt
1044,hannah,1044_hannah.txt
1045,marcus,1045_marcus.txt
1046,ava,1046_ava.txt
1047,jordan,1047_jordan.txt
1048,sierra,1048_sierra.txt
1049,ashley,1049_ashley.txt
1050,marcus,1050_marcus.txt
1051,priya,1051_priya.txt
1053,trevor,1053_trevor.txt
1054,priya,1054_priya.txt
1055,maya,1055_maya.txt
1056,trevor,1056_trevor.txt
1057,alina,1057_alina.txt
1059,jordan,1059_jordan.txt
1060,priya,1060_priya.txt
1061,colin,1061_colin.txt
1062,tessa,1062_tessa.txt
1063,marissa,1063_marissa.txt
1064,travis,1064_travis.txt
1065,aaliyah,1065_aaliyah.txt
1066,hannah,1066_hannah.txt
1067,marcus,1067_marcus.txt
1068,brianna,1068_brianna.txt
1069,marissa,1069_marissa.txt
1071,priya,1071_priya.txt
1073,marcus,1073_marcus.txt
1074,claire,1074_claire.txt
1075,mason,1075_mason.txt
1076,priya,1076_priya.txt
1077,talia,1077_talia.txt
1078,alyssa,1078_alyssa.txt
1079,marcus,1079_marcus.txt
1080,priya,1080_priya.txt
1081,alyssa,1081_alyssa.txt
1082,marcus,1082_marcus.txt
1214,jasmine cole,1214_jasmine_cole.txt
1215,monica reeves,1215_monica_reeves.txt
1216,travis holloway,1216_travis_holloway.txt
1217,denise porter,1217_denise_porter.txt
1218,marissa cole,1218_marissa_cole.txt
1219,trevor haines,1219_trevor_haines.txt
1220,elaine porter,1220_elaine_porter.txt
1221,melissa grant,1221_melissa_grant.txt
1222,jordan reeves,1222_jordan_reeves.txt
1296,marissa cole,1296_marissa_cole.txt
1297,darren whitfield,1297_darren_whitfield.txt
1298,tiana brooks,1298_tiana_brooks.txt
1300,trevor maddox,1300_trevor_maddox.txt
1301,denise holloway,1301_denise_holloway.txt
1302,marissa cole,1302_marissa_cole.txt
1303,derek holloway,1303_derek_holloway.txt
1304,evelyn park,1304_evelyn_park.txt
1305,melissa garner,1305_melissa_garner.txt
1306,trevor holloway,1306_trevor_holloway.txt
1307,brianna cole,1307_brianna_cole.txt
1309,derrick vaughn,1309_derrick_vaughn.txt
1310,elaine whitaker,1310_elaine_whitaker.txt
1311,marissa cole,1311_marissa_cole.txt
1312,trevor maddox,1312_trevor_maddox.txt
1313,kiara benton,1313_kiara_benton.txt
1314,melissa harper,1314_melissa_harper.txt
1315,trevor collins,1315_trevor_collins.txt
1316,aisha monroe,1316_aisha_monroe.txt
1317,dana whitaker,1317_dana_whitaker.txt
1318,marcus ellison,1318_marcus_ellison.txt
1320,melissa hart,1320_melissa_hart.txt
1321,derek lawson,1321_derek_lawson.txt
1322,sophia bennett,1322_sophia_bennett.txt
1323,marissa cole,1323_marissa_cole.txt
1324,brian whitaker,1324_brian_whitaker.txt
1325,talia monroe,1325_talia_monroe.txt
1326,marissa cole,1326_marissa_cole.txt
1327,trevor lang,1327_trevor_lang.txt
1328,dana whitfield,1328_dana_whitfield.txt
1330,eric mendez,1330_eric_mendez.txt
1331,dana whitaker,1331_dana_whitaker.txt
1332,marissa doyle,1332_marissa_doyle.txt
1333,terrence holt,1333_terrence_holt.txt
1334,kiara bennett,1334_kiara_bennett.txt
1335,marissa doyle,1335_marissa_doyle.txt
1337,elena brooks,1337_elena_brooks.txt
1338,marissa holt,1338_marissa_holt.txt
1339,darius boone,1339_darius_boone.txt
1340,elena whitaker,1340_elena_whitaker.txt
1341,marissa cole,1341_marissa_cole.txt
1342,devin harper,1342_devin_harper.txt
1343,kiara bennett,1343_kiara_bennett.txt
1344,marissa cole,1344_marissa_cole.txt
1345,trevor nash,1345_trevor_nash.txt
1346,kiara bennett,1346_kiara_bennett.txt
1347,marissa cole,1347_marissa_cole.txt
1348,ethan alvarez,1348_ethan_alvarez.txt
1349,danielle mercer,1349_danielle_mercer.txt
1350,marissa cole,1350_marissa_cole.txt
1351,trevor gaines,1351_trevor_gaines.txt
1352,denise holloway,1352_denise_holloway.txt
1353,marissa cole,1353_marissa_cole.txt
1354,evan mercer,1354_evan_mercer.txt
1355,denise holloway,1355_denise_holloway.txt
1356,marissa doyle,1356_marissa_doyle.txt
1357,leonard price,1357_leonard_price.txt
1358,kiara benton,1358_kiara_benton.txt
1359,monica reyes,1359_monica_reyes.txt
1360,darren whitaker,1360_darren_whitaker.txt
1361,priya holloway,1361_priya_holloway.txt
1362,melissa carver,1362_melissa_carver.txt
1363,brandon pike,1363_brandon_pike.txt
1365,marissa cole,1365_marissa_cole.txt
1366,trevor banks,1366_trevor_banks.txt
1367,alicia monroe,1367_alicia_monroe.txt
1368,marissa cole,1368_marissa_cole.txt
1369,trevor mitchell,1369_trevor_mitchell.txt
1370,darius bennett,1370_darius_bennett.txt
1371,marissa doyle,1371_marissa_doyle.txt
1372,trevor lang,1372_trevor_lang.txt
1373,denise holloway,1373_denise_holloway.txt
1374,melissa harper,1374_melissa_harper.txt
1375,brandon lee,1375_brandon_lee.txt
1376,aisha bennett,1376_aisha_bennett.txt
1377,marissa cole,1377_marissa_cole.txt
1378,trevor nguyen,1378_trevor_nguyen.txt
1379,denise holloway,1379_denise_holloway.txt
1380,marissa cole,1380_marissa_cole.txt
1381,devin hart,1381_devin_hart.txt
1382,elaine brooks,1382_elaine_brooks.txt
1383,marissa cole,1383_marissa_cole.txt
1384,darnell price,1384_darnell_price.txt
1385,kelsey moran,1385_kelsey_moran.txt
1386,marissa cole,1386_marissa_cole.txt
1387,devin harlow,1387_devin_harlow.txt
1388,patrice wynn,1388_patrice_wynn.txt
1389,melissa grant,1389_melissa_grant.txt
1390,andre molina,1390_andre_molina.txt
1391,hannah brooks,1391_hannah_brooks.txt
1393,devin harper,1393_devin_harper.txt
1394,kendra liu,1394_kendra_liu.txt
1395,alyssa moreno,1395_alyssa_moreno.txt
1396,marcus bell,1396_marcus_bell.txt
1397,denise whitaker,1397_denise_whitaker.txt
1398,trevor hanley,1398_trevor_hanley.txt
1399,courtney briggs,1399_courtney_briggs.txt
1400,alyssa moreno,1400_alyssa_moreno.txt
1402,dana whitlock,1402_dana_whitlock.txt
1403,marcus ellison,1403_marcus_ellison.txt
1404,kelsey tran,1404_kelsey_tran.txt
1405,marissa cole,1405_marissa_cole.txt
1406,trevor mcneil,1406_trevor_mcneil.txt
1407,aaliyah benson,1407_aaliyah_benson.txt
1408,daniel hsu,1408_daniel_hsu.txt
1409,erica holloway,1409_erica_holloway.txt
1410,hannah pritchard,1410_hannah_pritchard.txt
1411,trevor mcmillan,1411_trevor_mcmillan.txt
1412,alicia moreno,1412_alicia_moreno.txt
1413,jason whitaker,1413_jason_whitaker.txt
1414,brooke landry,1414_brooke_landry.txt
1415,marissa cole,1415_marissa_cole.txt
1416,devin hart,1416_devin_hart.txt
1417,elaine porter,1417_elaine_porter.txt
1418,trevor banks,1418_trevor_banks.txt
1419,jocelyn reed,1419_jocelyn_reed.txt
1420,marissa cole,1420_marissa_cole.txt
1421,trevor bennett,1421_trevor_bennett.txt
1422,kendra walsh,1422_kendra_walsh.txt
1423,damon price,1423_damon_price.txt
1424,elena brooks,1424_elena_brooks.txt
1425,marissa cole,1425_marissa_cole.txt
1426,trevor maddox,1426_trevor_maddox.txt
1427,nia patterson,1427_nia_patterson.txt
1428,owen becker,1428_owen_becker.txt
1429,felicia harmon,1429_felicia_harmon.txt
1430,natalie brooks,1430_natalie_brooks.txt
1431,trevor holloway,1431_trevor_holloway.txt
1432,denise calloway,1432_denise_calloway.txt
1433,owen mercer,1433_owen_mercer.txt
1434,kendra lin,1434_kendra_lin.txt
1435,allison mercer,1435_allison_mercer.txt
1436,marcus holloway,1436_marcus_holloway.txt
1437,renee castillo,1437_renee_castillo.txt
1438,devin callow,1438_devin_callow.txt
1439,nicole barrett,1439_nicole_barrett.txt
1440,marissa cole,1440_marissa_cole.txt
1441,anthony ramirez,1441_anthony_ramirez.txt
1442,evelyn hart,1442_evelyn_hart.txt
1443,jordan pike,1443_jordan_pike.txt
1444,brianna foster,1444_brianna_foster.txt
1445,melissa harper,1445_melissa_harper.txt
1446,jordan ellis,1446_jordan_ellis.txt
1447,denise caldwell,1447_denise_caldwell.txt
1448,trevor boone,1448_trevor_boone.txt
1449,hannah whitaker,1449_hannah_whitaker.txt
1450,marissa cole,1450_marissa_cole.txt
1451,trevor maddox,1451_trevor_maddox.txt
1452,kiara benson,1452_kiara_benson.txt
1453,owen heller,1453_owen_heller.txt
1454,elena whitaker,1454_elena_whitaker.txt
1455,marissa holt,1455_marissa_holt.txt
1456,devon pierce,1456_devon_pierce.txt
1457,kiara benson,1457_kiara_benson.txt
1458,leonard chavez,1458_leonard_chavez.txt
1459,alina brooks,1459_alina_brooks.txt
1460,marissa holt,1460_marissa_holt.txt
1461,darius bennett,1461_darius_bennett.txt
1462,elena pierce,1462_elena_pierce.txt
1463,trevor sloan,1463_trevor_sloan.txt
1464,aaliyah foster,1464_aaliyah_foster.txt
1465,marissa cole,1465_marissa_cole.txt
1466,trevor nash,1466_trevor_nash.txt
1467,danielle mercer,1467_danielle_mercer.txt
1468,owen fletcher,1468_owen_fletcher.txt
1469,kelsey whitman,1469_kelsey_whitman.txt
1470,avery collins,1470_avery_collins.txt
1471,brandon lee,1471_brandon_lee.txt
1472,kiara bennett,1472_kiara_bennett.txt
1473,nolan pierce,1473_nolan_pierce.txt
1474,felicia monroe,1474_felicia_monroe.txt
1475,melissa carter,1475_melissa_carter.txt
1476,daniel brooks,1476_daniel_brooks.txt
1477,nicole ramirez,1477_nicole_ramirez.txt
1479,aisha bennett,1479_aisha_bennett.txt
1480,marissa cole,1480_marissa_cole.txt
1481,terrence hale,1481_terrence_hale.txt
1482,aaliyah bennett,1482_aaliyah_bennett.txt
1483,calvin reeves,1483_calvin_reeves.txt
1484,briana whitfield,1484_briana_whitfield.txt
1485,lauren whitaker,1485_lauren_whitaker.txt
1486,devin holloway,1486_devin_holloway.txt
1487,renee mccall,1487_renee_mccall.txt
1488,marcus ellison,1488_marcus_ellison.txt
1489,tasha bennett,1489_tasha_bennett.txt
1490,melissa grant,1490_melissa_grant.txt
1491,jordan ellis,1491_jordan_ellis.txt
1492,priya holloway,1492_priya_holloway.txt
1493,damon pierce,1493_damon_pierce.txt
1494,hannah russo,1494_hannah_russo.txt
1495,melissa grant,1495_melissa_grant.txt
1496,trevor holloway,1496_trevor_holloway.txt
1497,aisha pennington,1497_aisha_pennington.txt
1498,benjamin sutter,1498_benjamin_sutter.txt
1500,marissa cole,1500_marissa_cole.txt
1501,calvin reese,1501_calvin_reese.txt
1502,priya linton,1502_priya_linton.txt
1503,daniel pruitt,1503_daniel_pruitt.txt
1504,tasha nguyen,1504_tasha_nguyen.txt
1505,melissa garner,1505_melissa_garner.txt
1506,darnell price,1506_darnell_price.txt
1507,priya holloway,1507_priya_holloway.txt
1508,owen mercer,1508_owen_mercer.txt
1509,hannah whitaker,1509_hannah_whitaker.txt
1510,marissa cole,1510_marissa_cole.txt
1512,elena whitaker,1512_elena_whitaker.txt
1513,damian foster,1513_damian_foster.txt
1514,brianna sutton,1514_brianna_sutton.txt
1516,trevor nguyen,1516_trevor_nguyen.txt
1517,denise holloway,1517_denise_holloway.txt
1794,lauren bishop,1794_lauren_bishop.txt
