id,first_name,last_name,filename
0071,daniel,,0071_daniel.txt
0072,alicia,,0072_alicia.txt
0073,marcus,,0073_marcus.txt
0074,heather,,0074_heather.txt
0075,kevin,,0075_kevin.txt
0077,samantha,,0077_samantha.txt
0078,tyler,,0078_tyler.txt
0079,melissa,,0079_melissa.txt
0080,jordan,,0080_jordan.txt
0082,kevin,,0082_kevin.txt
0084,marcus,,0084_marcus.txt
0085,natalie,,0085_natalie.txt
0086,derek,,0086_derek.txt
0087,aaron,,0087_aaron.txt
0088,danielle,,0088_danielle.txt
0089,trevor,,0089_trevor.txt
0090,olivia,,0090_olivia.txt
0091,gregory,,0091_gregory.txt
0092,chloe,,0092_chloe.txt
0093,victor,,0093_victor.txt
0094,brianna,,0094_brianna.txt
0095,ethan,,0095_ethan.txt
0096,lauren,,0096_lauren.txt
0098,alyssa,,0098_alyssa.txt
0099,trevor,,0099_trevor.txt
0100,dana,,0100_dana.txt
0101,raymond,,0101_raymond.txt
0102,lila,,0102_lila.txt
0103,brian,,0103_brian.txt
0104,sophia,,0104_sophia.txt
0105,jonathan,,0105_jonathan.txt
0106,carla,,0106_carla.txt
0107,marcus,,0107_marcus.txt
0108,alisha,,0108_alisha.txt
0109,trevor,,0109_trevor.txt
0110,danielle,,0110_danielle.txt
0112,erica,,0112_erica.txt
0113,kyle,,0113_kyle.txt
0114,daniel,,0114_daniel.txt
0115,melissa,,0115_melissa.txt
0116,trevor,,0116_trevor.txt
0117,alicia,,0117_alicia.txt
0118,brandon,,0118_brandon.txt
0119,sophia,,0119_sophia.txt
0121,kyle,,0121_kyle.txt
0122,patricia,,0122_patricia.txt
0123,gregory,,0123_gregory.txt
0125,melissa,,0125_melissa.txt
0126,brandon,,0126_brandon.txt
0127,alicia,,0127_alicia.txt
0128,samuel,,0128_samuel.txt
0129,natalie,,0129_natalie.txt
0134,marcus,,0134_marcus.txt
0135,alicia,,0135_alicia.txt
0136,trevor,,0136_trevor.txt
0137,natalie,,0137_natalie.txt
0138,brandon,,0138_brandon.txt
0139,aaron,,0139_aaron.txt
0140,brianna,,0140_brianna.txt
0142,carla,,0142_carla.txt
0144,kyle,,0144_kyle.txt
0146,aaron,,0146_aaron.txt
0147,patricia,,0147_patricia.txt
0149,tyler,,0149_tyler.txt
0150,olivia,,0150_olivia.txt
0221,brandon,,0221_brandon.txt
0222,natalie,,0222_natalie.txt
0223,derek,,0223_derek.txt
0226,sophie,,0226_sophie.txt
0227,tyler,,0227_tyler.txt
0229,jordan,,0229_jordan.txt
0230,grace,,0230_grace.txt
0231,jason,,0231_jason.txt
0233,trevor,,0233_trevor.txt
0234,melissa,,0234_melissa.txt
0238,stephanie,,0238_stephanie.txt
0239,eric,,0239_eric.txt
0241,aaron,,0241_aaron.txt
0244,denise,,0244_denise.txt
0246,sophie,,0246_sophie.txt
0247,miguel,,0247_miguel.txt
0248,olivia,,0248_olivia.txt
0251,ryan,,0251_ryan.txt
0252,stephanie,,0252_stephanie.txt
0253,john,,0253_john.txt
0254,daniel,,0254_daniel.txt
0255,melissa,,0255_melissa.txt
0257,jessica,,0257_jessica.txt
0258,trevor,,0258_trevor.txt
0259,ashley,,0259_ashley.txt
0260,jacob,,0260_jacob.txt
0261,michael,,0261_michael.txt
0262,dan,,0262_dan.txt
0263,lauren,,0263_lauren.txt
0265,liu,,0265_liu.txt
0267,melissa,,0267_melissa.txt
0268,daniel,,0268_daniel.txt
0271,jordan,,0271_jordan.txt
0272,olivia,,0272_olivia.txt
0273,rachel,,0273_rachel.txt
0274,brooke,,0274_brooke.txt
0275,marcus,,0275_marcus.txt
0279,kevin,,0279_kevin.txt
0281,jasmine,,0281_jasmine.txt
0283,tyler,,0283_tyler.txt
0285,chloe,,0285_chloe.txt
0286,ethan,,0286_ethan.txt
0287,alicia,gomez,0287_alicia_gomez.txt
0288,jordan,blake,0288_jordan_blake.txt
0289,brittany,cole,0289_brittany_cole.txt
0292,ethan,,0292_ethan.txt
0293,melissa,,0293_melissa.txt
0294,rachel,,0294_rachel.txt
0295,tyler,,0295_tyler.txt
0296,kevin,,0296_kevin.txt
0298,alicia,,0298_alicia.txt
0299,trevor,cole,0299_trevor_cole.txt
0300,diane,whitaker,0300_diane_whitaker.txt
0307,isabella,,0307_isabella.txt
0310,james,,0310_james.txt
0314,henry,,0314_henry.txt
0316,alexander,,0316_alexander.txt
0320,michael,,0320_michael.txt
0322,david,,0322_david.txt
0330,jack,,0330_jack.txt
0336,julian,,0336_julian.txt
0338,levi,,0338_levi.txt
0342,isaac,,0342_isaac.txt
0344,gabriel,,0344_gabriel.txt
0346,anthony,,0346_anthony.txt
0348,christopher,,0348_christopher.txt
0349,penelope,,0349_penelope.txt
0352,isaac,,0352_isaac.txt
0353,stella,,0353_stella.txt
0354,gabriel,,0354_gabriel.txt
0356,anthony,,0356_anthony.txt
0358,christopher,,0358_christopher.txt
0359,penelope,,0359_penelope.txt
0360,charles,,0360_charles.txt
0362,adam,,0362_adam.txt
0363,ruby,,0363_ruby.txt
0366,patrick,,0366_patrick.txt
0368,robert,,0368_robert.txt
0370,kevin,,0370_kevin.txt
0373,iris,,0373_iris.txt
0374,eric,,0374_eric.txt
0377,jade,,0377_jade.txt
0380,matthew,torres,0380_matthew_torres.txt
0381,steven,adams,0381_steven_adams.txt
0382,nancy,walker,0382_nancy_walker.txt
0384,susan,brown,0384_susan_brown.txt
0385,karen,martin,0385_karen_martin.txt
0386,charles,scott,0386_charles_scott.txt
0388,charles,jones,0388_charles_jones.txt
0389,anthony,ramirez,0389_anthony_ramirez.txt
0390,ashley,jones,0390_ashley_jones.txt
0391,elizabeth,robinson,0391_elizabeth_robinson.txt
0394,kimberly,johnson,0394_kimberly_johnson.txt
0395,kevin,thompson,0395_kevin_thompson.txt
0396,steven,miller,0396_steven_miller.txt
0397,michelle,perez,0397_michelle_perez.txt
0398,kenneth,ramirez,0398_kenneth_ramirez.txt
0400,donald,jones,0400_donald_jones.txt
0401,thomas,johnson,0401_thomas_johnson.txt
0403,donna,smith,0403_donna_smith.txt
0404,michelle,gonzalez,0404_michelle_gonzalez.txt
0408,james,gonzalez,0408_james_gonzalez.txt
0409,david,miller,0409_david_miller.txt
0410,ashley,ramirez,0410_ashley_ramirez.txt
0411,natalie,,0411_natalie.txt
0412,derrick,,0412_derrick.txt
0413,olivia,,0413_olivia.txt
0466,timothy,rivera,0466_timothy_rivera.txt
0467,daniel,campbell,0467_daniel_campbell.txt
0468,margaret,williams,0468_margaret_williams.txt
0469,amanda,lewis,0469_amanda_lewis.txt
0474,joseph,smith,0474_joseph_smith.txt
0475,anthony,thompson,0475_anthony_thompson.txt
0477,michelle,young,0477_michelle_young.txt
0478,donna,garcia,0478_donna_garcia.txt
0479,angela,harris,0479_angela_harris.txt
0481,charles,brown,0481_charles_brown.txt
0482,brian,williams,0482_brian_williams.txt
0483,amanda,walker,0483_amanda_walker.txt
0485,ryan,lewis,0485_ryan_lewis.txt
0489,karen,martinez,0489_karen_martinez.txt
0492,mark,allen,0492_mark_allen.txt
0493,sandra,allen,0493_sandra_allen.txt
0497,jeffrey,lewis,0497_jeffrey_lewis.txt
0498,shirley,roberts,0498_shirley_roberts.txt
0499,karen,roberts,0499_karen_roberts.txt
0500,donna,williams,0500_donna_williams.txt
0501,susan,taylor,0501_susan_taylor.txt
0502,margaret,robinson,0502_margaret_robinson.txt
0505,marissa,cole,0505_marissa_cole.txt
0506,daniel,mercer,0506_daniel_mercer.txt
0507,alicia,nguyen,0507_alicia_nguyen.txt
0508,marcus,hale,0508_marcus_hale.txt
0509,renee,foster,0509_renee_foster.txt
0510,melissa,carter,0510_melissa_carter.txt
0511,devon,brooks,0511_devon_brooks.txt
0512,priya,shah,0512_priya_shah.txt
0513,kyle,ramirez,0513_kyle_ramirez.txt
0514,aaliyah,jenkins,0514_aaliyah_jenkins.txt
0515,lauren,mckee,0515_lauren_mckee.txt
0516,victor,salazar,0516_victor_salazar.txt
0517,denise,holloway,0517_denise_holloway.txt
0518,marcus,blevins,0518_marcus_blevins.txt
0519,priya,raman,0519_priya_raman.txt
0520,marissa,cole,0520_marissa_cole.txt
0521,darius,vaughn,0521_darius_vaughn.txt
0522,tessa,nguyen,0522_tessa_nguyen.txt
0523,owen,mercer,0523_owen_mercer.txt
0524,lila,hernandez,0524_lila_hernandez.txt
0525,maya,ellison,0525_maya_ellison.txt
0526,derek,holloway,0526_derek_holloway.txt
0527,alana,pierce,0527_alana_pierce.txt
0528,evan,mercer,0528_evan_mercer.txt
0529,priya,sandoval,0529_priya_sandoval.txt
0530,melyssa,grant,0530_melyssa_grant.txt
0531,darren,holt,0531_darren_holt.txt
0532,aaliyah,brooks,0532_aaliyah_brooks.txt
0533,robert,kim,0533_robert_kim.txt
0535,marissa,cole,0535_marissa_cole.txt
0537,tessa,nguyen,0537_tessa_nguyen.txt
0538,caleb,foster,0538_caleb_foster.txt
0539,alina,brooks,0539_alina_brooks.txt
0540,melissa,carver,0540_melissa_carver.txt
0542,tasha,nguyen,0542_tasha_nguyen.txt
0544,renee,holloway,0544_renee_holloway.txt
0545,melissa,carter,0545_melissa_carter.txt
0546,brian,holloway,0546_brian_holloway.txt
0548,omar,jenkins,0548_omar_jenkins.txt
0549,priya,shah,0549_priya_shah.txt
0550,hannah,porter,0550_hannah_porter.txt
0552,priya,nair,0552_priya_nair.txt
0553,derek,sloan,0553_derek_sloan.txt
0554,elena,ruiz,0554_elena_ruiz.txt
0555,hannah,pierce,0555_hannah_pierce.txt
0556,marcus,bell,0556_marcus_bell.txt
0557,olivia,ramirez,0557_olivia_ramirez.txt
0558,trevor,cole,0558_trevor_cole.txt
0559,simone,whitaker,0559_simone_whitaker.txt
0561,trevor,hayes,0561_trevor_hayes.txt
0562,elena,ruiz,0562_elena_ruiz.txt
0563,darius,bennett,0563_darius_bennett.txt
0564,naomi,park,0564_naomi_park.txt
0565,alyssa,moreno,0565_alyssa_moreno.txt
0567,priya,nair,0567_priya_nair.txt
0568,daniel,brooks,0568_daniel_brooks.txt
0569,sofia,ramirez,0569_sofia_ramirez.txt
0570,natalie,brooks,0570_natalie_brooks.txt
0571,marcus,hale,0571_marcus_hale.txt
0572,priya,shah,0572_priya_shah.txt
0573,ethan,mercer,0573_ethan_mercer.txt
0574,lena,whitmore,0574_lena_whitmore.txt
0575,allison,pierce,0575_allison_pierce.txt
0576,marcus,holloway,0576_marcus_holloway.txt
0578,derek,molina,0578_derek_molina.txt
0579,serena,walsh,0579_serena_walsh.txt
0581,brandon,lee,0581_brandon_lee.txt
0582,priya,morrison,0582_priya_morrison.txt
0583,anthony,ramirez,0583_anthony_ramirez.txt
0584,kelsey,nguyen,0584_kelsey_nguyen.txt
0586,derek,holloway,0586_derek_holloway.txt
0587,tiana,brooks,0587_tiana_brooks.txt
0588,owen,mercer,0588_owen_mercer.txt
0589,felicia,nguyen,0589_felicia_nguyen.txt
0590,natalie,brooks,0590_natalie_brooks.txt
0591,marcus,holloway,0591_marcus_holloway.txt
0592,priya,sandoval,0592_priya_sandoval.txt
0594,alana,pierce,0594_alana_pierce.txt
0596,darren,cole,0596_darren_cole.txt
0597,priya,nair,0597_priya_nair.txt
0598,aaron,whitfield,0598_aaron_whitfield.txt
0600,melissa,grant,0600_melissa_grant.txt
0601,jordan,pike,0601_jordan_pike.txt
0603,eric,holloway,0603_eric_holloway.txt
0604,hannah,cole,0604_hannah_cole.txt
0606,darnell,price,0606_darnell_price.txt
0607,elena,park,0607_elena_park.txt
0608,kevin,ramirez,0608_kevin_ramirez.txt
0609,priya,dalton,0609_priya_dalton.txt
0611,devin,carraway,0611_devin_carraway.txt
0612,renee,whitaker,0612_renee_whitaker.txt
0613,caleb,vance,0613_caleb_vance.txt
0614,tasha,monroe,0614_tasha_monroe.txt
0616,marcus,holloway,0616_marcus_holloway.txt
0617,olivia,bennett,0617_olivia_bennett.txt
0618,trevor,cole,0618_trevor_cole.txt
0619,priya,shah,0619_priya_shah.txt
0620,marissa,cole,0620_marissa_cole.txt
0621,trevor,bishop,0621_trevor_bishop.txt
0622,dana,hsu,0622_dana_hsu.txt
0623,nolan,reeves,0623_nolan_reeves.txt
0624,elaine,porter,0624_elaine_porter.txt
0625,melissa,carter,0625_melissa_carter.txt
0626,brandon,lee,0626_brandon_lee.txt
0627,tasha,nguyen,0627_tasha_nguyen.txt
0628,stephen,morales,0628_stephen_morales.txt
0629,erica,holloway,0629_erica_holloway.txt
0630,melissa,grant,0630_melissa_grant.txt
0631,trevor,molina,0631_trevor_molina.txt
0632,aaliyah,brooks,0632_aaliyah_brooks.txt
0633,daniel,pierce,0633_daniel_pierce.txt
0634,hannah,cole,0634_hannah_cole.txt
0635,emily,carter,0635_emily_carter.txt
0638,daniel,brooks,0638_daniel_brooks.txt
0639,lauren,mitchell,0639_lauren_mitchell.txt
0641,devin,holloway,0641_devin_holloway.txt
0642,elena,vargas,0642_elena_vargas.txt
0643,tyler,bishop,0643_tyler_bishop.txt
0646,trevor,nguyen,0646_trevor_nguyen.txt
0647,dana,whitaker,0647_dana_whitaker.txt
0648,luis,romero,0648_luis_romero.txt
0649,kelsey,boone,0649_kelsey_boone.txt
0651,darren,cole,0651_darren_cole.txt
0652,jasmine,patel,0652_jasmine_patel.txt
0653,marcus,holloway,0653_marcus_holloway.txt
0654,olivia,ramirez,0654_olivia_ramirez.txt
0655,alyssa,moreno,0655_alyssa_moreno.txt
0656,trevor,beck,0656_trevor_beck.txt
0657,denise,holloway,0657_denise_holloway.txt
0658,marcus,yates,0658_marcus_yates.txt
0659,priya,sethi,0659_priya_sethi.txt
0660,brianna,cole,0660_brianna_cole.txt
0661,marcus,d_henson,0661_marcus_d_henson.txt
0662,elena,park,0662_elena_park.txt
0663,owen,ramirez,0663_owen_ramirez.txt
0664,tasha,nguyen,0664_tasha_nguyen.txt
0665,monica,hale,0665_monica_hale.txt
0666,brandon,lee,0666_brandon_lee.txt
0667,tasha,nguyen,0667_tasha_nguyen.txt
0668,derek,molina,0668_derek_molina.txt
0669,felicia,brooks,0669_felicia_brooks.txt
0670,marissa,cole,0670_marissa_cole.txt
0671,darnell,price,0671_darnell_price.txt
0672,evelyn,harper,0672_evelyn_harper.txt
0674,tessa,nguyen,0674_tessa_nguyen.txt
0675,marissa,cole,0675_marissa_cole.txt
0676,trevor,haines,0676_trevor_haines.txt
0677,elena,brooks,0677_elena_brooks.txt
0678,noah,whitaker,0678_noah_whitaker.txt
0679,kiara,sutton,0679_kiara_sutton.txt
0680,marissa,cole,0680_marissa_cole.txt
0681,darren,whitfield,0681_darren_whitfield.txt
0683,owen,ramirez,0683_owen_ramirez.txt
0684,evelyn,price,0684_evelyn_price.txt
0686,darren,holt,0686_darren_holt.txt
0687,kiara,monroe,0687_kiara_monroe.txt
0688,noah,whitaker,0688_noah_whitaker.txt
0689,priya,sethi,0689_priya_sethi.txt
0690,natalie,brooks,0690_natalie_brooks.txt
0691,marcus,ellison,0691_marcus_ellison.txt
0694,evelyn,hart,0694_evelyn_hart.txt
0695,melissa,carter,0695_melissa_carter.txt
0696,daniel,brooks,0696_daniel_brooks.txt
0698,marcus,hill,0698_marcus_hill.txt
0699,hannah,nguyen,0699_hannah_nguyen.txt
0700,marissa,cole,0700_marissa_cole.txt
0701,trevor,lang,0701_trevor_lang.txt
0702,elaine,foster,0702_elaine_foster.txt
0703,darius,benton,0703_darius_benton.txt
0704,nicole,ramirez,0704_nicole_ramirez.txt
0706,calvin,reese,0706_calvin_reese.txt
0707,tiana,brooks,0707_tiana_brooks.txt
0708,darren,whitaker,0708_darren_whitaker.txt
0709,elena,park,0709_elena_park.txt
0711,marcus,delaney,0711_marcus_delaney.txt
0713,daniel,ruiz,0713_daniel_ruiz.txt
0716,darius,bennett,0716_darius_bennett.txt
0717,evelyn,park,0717_evelyn_park.txt
0718,nolan,reyes,0718_nolan_reyes.txt
0720,hannah,porter,0720_hannah_porter.txt
0721,marcus,ellison,0721_marcus_ellison.txt
0723,robert,gaines,0723_robert_gaines.txt
0724,sofia,mendoza,0724_sofia_mendoza.txt
0725,alyssa,moreno,0725_alyssa_moreno.txt
0726,darren,pike,0726_darren_pike.txt
0727,naomi,fletcher,0727_naomi_fletcher.txt
0728,marcus,ellison,0728_marcus_ellison.txt
0731,marcus,hale,0731_marcus_hale.txt
0732,priya,shah,0732_priya_shah.txt
0733,evelyn,carter,0733_evelyn_carter.txt
0734,jordan,kim,0734_jordan_kim.txt
0735,marissa,doyle,0735_marissa_doyle.txt
0736,travis,mckenna,0736_travis_mckenna.txt
0737,evelyn,hart,0737_evelyn_hart.txt
0738,jerome,ellis,0738_jerome_ellis.txt
0741,ethan,holloway,0741_ethan_holloway.txt
0742,denise,harper,0742_denise_harper.txt
0743,joel,mercer,0743_joel_mercer.txt
0744,priya,bennett,0744_priya_bennett.txt
0747,aisha,coleman,0747_aisha_coleman.txt
0748,christopher,yates,0748_christopher_yates.txt
0749,lauren,bishop,0749_lauren_bishop.txt
0751,derek,holloway,0751_derek_holloway.txt
0752,priya,nanduri,0752_priya_nanduri.txt
0753,evan,whitmore,0753_evan_whitmore.txt
0754,talia,mendoza,0754_talia_mendoza.txt
0755,marissa,doyle,0755_marissa_doyle.txt
0756,terrence,hall,0756_terrence_hall.txt
0757,elena,vargas,0757_elena_vargas.txt
0758,noah,bennett,0758_noah_bennett.txt
0759,kiara,sutton,0759_kiara_sutton.txt
0760,marissa,cole,0760_marissa_cole.txt
0761,devin,hart,0761_devin_hart.txt
0764,hannah,foster,0764_hannah_foster.txt
0765,emily,carter,0765_emily_carter.txt
0766,marcus,hill,0766_marcus_hill.txt
0767,sofia,ramirez,0767_sofia_ramirez.txt
0769,rachel,nguyen,0769_rachel_nguyen.txt
0770,marissa,cole,0770_marissa_cole.txt
0771,trevor,nguyen,0771_trevor_nguyen.txt
0773,elena,ramirez,0773_elena_ramirez.txt
0774,owen,parker,0774_owen_parker.txt
0775,marissa,cole,0775_marissa_cole.txt
0778,aaliyah,mercer,0778_aaliyah_mercer.txt
0780,madison,keller,0780_madison_keller.txt
0782,priya,sandoval,0782_priya_sandoval.txt
0783,noah,whitaker,0783_noah_whitaker.txt
0786,brandon,lee,0786_brandon_lee.txt
0788,noah,whitaker,0788_noah_whitaker.txt
0789,priya,donnelly,0789_priya_donnelly.txt
0790,marissa,cole,0790_marissa_cole.txt
0791,terrence,brooks,0791_terrence_brooks.txt
0792,evelyn,price,0792_evelyn_price.txt
0793,nolan,reyes,0793_nolan_reyes.txt
0796,darnell,price,0796_darnell_price.txt
0797,evelyn,shaw,0797_evelyn_shaw.txt
0799,camille,nguyen,0799_camille_nguyen.txt
0800,marissa,cole,0800_marissa_cole.txt
0802,denise,alvarez,0802_denise_alvarez.txt
0805,marissa,cole,0805_marissa_cole.txt
0806,daniel,whitaker,0806_daniel_whitaker.txt
0808,trevor,banks,0808_trevor_banks.txt
0809,aisha,bennett,0809_aisha_bennett.txt
0810,natalie,brooks,0810_natalie_brooks.txt
0811,marcus,hill,0811_marcus_hill.txt
0813,connor,alvarez,0813_connor_alvarez.txt
0814,denise,carter,0814_denise_carter.txt
0816,melissa,grant,0816_melissa_grant.txt
0817,trevor,miles,0817_trevor_miles.txt
0819,raymond,cole,0819_raymond_cole.txt
0820,aisha,patel,0820_aisha_patel.txt
0822,darius,whitmore,0822_darius_whitmore.txt
0823,elena,pruitt,0823_elena_pruitt.txt
0824,colin,reyes,0824_colin_reyes.txt
0825,priya,holloway,0825_priya_holloway.txt
0830,priya,nanduri,0830_priya_nanduri.txt
0832,darren,whitaker,0832_darren_whitaker.txt
0833,keisha,bennett,0833_keisha_bennett.txt
0834,owen,patel,0834_owen_patel.txt
0835,elena,ramirez,0835_elena_ramirez.txt
0836,avery,collins,0836_avery_collins.txt
0837,marcus,hale,0837_marcus_hale.txt
0839,daniel,brooks,0839_daniel_brooks.txt
0840,priya,sutton,0840_priya_sutton.txt
0843,priya,daniels,0843_priya_daniels.txt
0844,caleb,foster,0844_caleb_foster.txt
0845,elena,ramirez,0845_elena_ramirez.txt
0846,marissa,cole,0846_marissa_cole.txt
0850,dana,whitaker,0850_dana_whitaker.txt
0851,marissa,coleman,0851_marissa_coleman.txt
0853,danielle,park,0853_danielle_park.txt
0854,kevin,whitaker,0854_kevin_whitaker.txt
0856,marissa,cole,0856_marissa_cole.txt
0857,devin,hart,0857_devin_hart.txt
0859,aaron,bishop,0859_aaron_bishop.txt
0860,elena,brooks,0860_elena_brooks.txt
0862,devon,mercer,0862_devon_mercer.txt
0864,andre,bowers,0864_andre_bowers.txt
0865,elena,foster,0865_elena_foster.txt
0869,raymond,ellis,0869_raymond_ellis.txt
0872,marcus,delaney,0872_marcus_delaney.txt
0873,tiana,mercer,0873_tiana_mercer.txt
0875,priya,sethi,0875_priya_sethi.txt
0876,melissa,hart,0876_melissa_hart.txt
0877,daniel,pierce,0877_daniel_pierce.txt
0878,priya,bennett,0878_priya_bennett.txt
0879,robert,kim,0879_robert_kim.txt
0882,trevor,nguyen,0882_trevor_nguyen.txt
0883,denise,holloway,0883_denise_holloway.txt
0884,caleb,foster,0884_caleb_foster.txt
0885,lila,bennett,0885_lila_bennett.txt
0886,natalie,brooks,0886_natalie_brooks.txt
0888,jasmine,carter,0888_jasmine_carter.txt
0890,olivia,ramirez,0890_olivia_ramirez.txt
0892,calvin,reese,0892_calvin_reese.txt
0893,tiana,brooks,0893_tiana_brooks.txt
0895,selena,ward,0895_selena_ward.txt
0897,marcus,bell,0897_marcus_bell.txt
0898,priya,sethi,0898_priya_sethi.txt
0900,serena,caldwell,0900_serena_caldwell.txt
0902,daniel,price,0902_daniel_price.txt
0905,tasha,nguyen,0905_tasha_nguyen.txt
0906,marissa,cole,0906_marissa_cole.txt
0907,donovan,pierce,0907_donovan_pierce.txt
0909,ethan,holloway,0909_ethan_holloway.txt
0910,lila,monroe,0910_lila_monroe.txt
0911,lauren,whitaker,0911_lauren_whitaker.txt
0915,tessa,holloway,0915_tessa_holloway.txt
0916,marissa,holt,0916_marissa_holt.txt
0918,kiara,bennett,0918_kiara_bennett.txt
0919,ronald,pierce,0919_ronald_pierce.txt
0920,elena,brooks,0920_elena_brooks.txt
0922,daniel,ruiz,0922_daniel_ruiz.txt
0924,owen,hart,0924_owen_hart.txt
0925,felicia,monroe,0925_felicia_monroe.txt
0926,marissa,cole,0926_marissa_cole.txt
0929,trevor,mcneil,0929_trevor_mcneil.txt
0930,aisha,bennett,0930_aisha_bennett.txt
0932,derek,holloway,0932_derek_holloway.txt
0934,sean,whitaker,0934_sean_whitaker.txt
0937,marcus,ellison,0937_marcus_ellison.txt
0938,priya,hammond,0938_priya_hammond.txt
0942,darnell,pierce,0942_darnell_pierce.txt
0945,priya,nanduri,0945_priya_nanduri.txt
0947,daniel,ruiz,0947_daniel_ruiz.txt
0949,kevin,barlow,0949_kevin_barlow.txt
0950,priya,coleman,0950_priya_coleman.txt
0951,allison,mercer,0951_allison_mercer.txt
1001,marissa,cole,1001_marissa_cole.txt
1002,trevor,gaines,1002_trevor_gaines.txt
1003,keisha,benton,1003_keisha_benton.txt
1004,owen,fletcher,1004_owen_fletcher.txt
1005,linda,park,1005_linda_park.txt
1006,jonah,rice,1006_jonah_rice.txt
1007,naomi,foster,1007_naomi_foster.txt
1008,kelsey,tran,1008_kelsey_tran.txt
1009,hannah,wells,1009_hannah_wells.txt
1010,marisol,keen,1010_marisol_keen.txt
1011,melissa,carter,1011_melissa_carter.txt
1012,brandon,lee,1012_brandon_lee.txt
1013,priya,holloway,1013_priya_holloway.txt
1014,evan,morales,1014_evan_morales.txt
1015,dana,whitaker,1015_dana_whitaker.txt
1017,darnell,price,1017_darnell_price.txt
1019,trevor,nguyen,1019_trevor_nguyen.txt
1020,denise,alvarez,1020_denise_alvarez.txt
1021,marissa,cole,1021_marissa_cole.txt
1022,jordan,velez,1022_jordan_velez.txt
1023,alina,mercer,1023_alina_mercer.txt
1024,devin,rusk,1024_devin_rusk.txt
1025,priya,danner,1025_priya_danner.txt
1027,daniel,ruiz,1027_daniel_ruiz.txt
1028,lauren,kim,1028_lauren_kim.txt
1029,travis,bennett,1029_travis_bennett.txt
1030,simone,carter,1030_simone_carter.txt
1031,lauren,mckee,1031_lauren_mckee.txt
1032,marcus,holloway,1032_marcus_holloway.txt
1033,priya,sandoval,1033_priya_sandoval.txt
1034,brianne,porter,1034_brianne_porter.txt
1035,devon,whitaker,1035_devon_whitaker.txt
1036,emily,hart,1036_emily_hart.txt
1037,marcus,lee,1037_marcus_lee.txt
1038,tasha,brooks,1038_tasha_brooks.txt
1039,daniel,ruiz,1039_daniel_ruiz.txt
1040,lauren,whitaker,1040_lauren_whitaker.txt
1041,jenna,morales,1041_jenna_morales.txt
1042,caleb,turner,1042_caleb_turner.txt
1043,brianna,cole,1043_brianna_cole.txt
1044,eric,holloway,1044_eric_holloway.txt
1045,naomi,patel,1045_naomi_patel.txt
1046,emily,harper,1046_emily_harper.txt
1047,marcus,lee,1047_marcus_lee.txt
1048,alicia,torres,1048_alicia_torres.txt
1049,thomas,waller,1049_thomas_waller.txt
1050,priya,nair,1050_priya_nair.txt
1051,marissa,cole,1051_marissa_cole.txt
1052,derek,vaughn,1052_derek_vaughn.txt
1053,lydia,bennett,1053_lydia_bennett.txt
1054,jordan,ellis,1054_jordan_ellis.txt
1055,simone,harper,1055_simone_harper.txt
1056,melissa,harper,1056_melissa_harper.txt
1057,brandon,ellis,1057_brandon_ellis.txt
1058,priya,bennett,1058_priya_bennett.txt
1059,trevor,mclean,1059_trevor_mclean.txt
1060,alana,brooks,1060_alana_brooks.txt
1061,marissa,gomez,1061_marissa_gomez.txt
1062,daniel,brooks,1062_daniel_brooks.txt
1063,kelsey,harper,1063_kelsey_harper.txt
1064,aaron,miller,1064_aaron_miller.txt
1065,tiana,rivera,1065_tiana_rivera.txt
1066,hannah,mercer,1066_hannah_mercer.txt
1067,marcus,ellison,1067_marcus_ellison.txt
1068,kiara,bennett,1068_kiara_bennett.txt
1069,daniel,rios,1069_daniel_rios.txt
1070,brooke,callahan,1070_brooke_callahan.txt
1071,erica,nolan,1071_erica_nolan.txt
1072,marcus,bell,1072_marcus_bell.txt
1073,tyrese,coleman,1073_tyrese_coleman.txt
1074,hannah,pierce,1074_hannah_pierce.txt
1075,olivia,ramirez,1075_olivia_ramirez.txt
1076,melissa,garner,1076_melissa_garner.txt
1077,jordan,pike,1077_jordan_pike.txt
1078,renee,holloway,1078_renee_holloway.txt
1079,ethan,morales,1079_ethan_morales.txt
1080,claire,sutton,1080_claire_sutton.txt
1081,megan,ortiz,1081_megan_ortiz.txt
1082,travis,boone,1082_travis_boone.txt
1083,danielle,price,1083_danielle_price.txt
1084,jesse,rowan,1084_jesse_rowan.txt
1085,marcus,lee,1085_marcus_lee.txt
1086,logan,mercer,1086_logan_mercer.txt
1087,jasmine,holloway,1087_jasmine_holloway.txt
1088,ethan,salazar,1088_ethan_salazar.txt
1089,monica,pierce,1089_monica_pierce.txt
1090,tyler,nguyen,1090_tyler_nguyen.txt
1091,alyssa,moreno,1091_alyssa_moreno.txt
1092,brandon,ellis,1092_brandon_ellis.txt
1093,kendra,willis,1093_kendra_willis.txt
1094,daniel,cho,1094_daniel_cho.txt
1095,kelly,ramirez,1095_kelly_ramirez.txt
1096,melissa,carter,1096_melissa_carter.txt
1097,darren,brooks,1097_darren_brooks.txt
1098,jasmine,nguyen,1098_jasmine_nguyen.txt
1099,kevin,holloway,1099_kevin_holloway.txt
1100,priya,shah,1100_priya_shah.txt
1224,marcus,bell,1224_marcus_bell.txt
1225,tanya,brooks,1225_tanya_brooks.txt
1226,marissa,cole,1226_marissa_cole.txt
1227,darren,whitaker,1227_darren_whitaker.txt
1228,lena,park,1228_lena_park.txt
1229,isaiah,bennett,1229_isaiah_bennett.txt
1230,holly,ramirez,1230_holly_ramirez.txt
1231,danielle,ortiz,1231_danielle_ortiz.txt
1232,kelsey,moran,1232_kelsey_moran.txt
1233,jordan,patel,1233_jordan_patel.txt
1235,trevor,kim,1235_trevor_kim.txt
1236,marissa,cole,1236_marissa_cole.txt
1237,daniel,mercer,1237_daniel_mercer.txt
1238,tasha,nguyen,1238_tasha_nguyen.txt
1239,everett,blake,1239_everett_blake.txt
1240,brianna,foster,1240_brianna_foster.txt
1241,hannah,brooks,1241_hannah_brooks.txt
1242,marcus,ellison,1242_marcus_ellison.txt
1243,priya,desai,1243_priya_desai.txt
1244,luis,ramirez,1244_luis_ramirez.txt
1245,alyssa,turner,1245_alyssa_turner.txt
1246,marissa,cole,1246_marissa_cole.txt
1247,derrick,harmon,1247_derrick_harmon.txt
1248,talia,nguyen,1248_talia_nguyen.txt
1249,oscar,delgado,1249_oscar_delgado.txt
1250,jasmine,rowe,1250_jasmine_rowe.txt
1251,marissa,cole,1251_marissa_cole.txt
1252,devon,whitaker,1252_devon_whitaker.txt
1254,trevor,hanley,1254_trevor_hanley.txt
1255,kiara,bennett,1255_kiara_bennett.txt
1447,aisha,manning,1447_aisha_manning.txt
0071,daniel,,0071_daniel.txt
0072,alicia,,0072_alicia.txt
0073,marcus,,0073_marcus.txt
0074,heather,,0074_heather.txt
0075,kevin,,0075_kevin.txt
0077,samantha,,0077_samantha.txt
0078,tyler,,0078_tyler.txt
0079,melissa,,0079_melissa.txt
0080,jordan,,0080_jordan.txt
0082,kevin,,0082_kevin.txt
0084,marcus,,0084_marcus.txt
0085,natalie,,0085_natalie.txt
0086,derek,,0086_derek.txt
0087,aaron,,0087_aaron.txt
0088,danielle,,0088_danielle.txt
0089,trevor,,0089_trevor.txt
0090,olivia,,0090_olivia.txt
0091,gregory,,0091_gregory.txt
0092,chloe,,0092_chloe.txt
0093,victor,,0093_victor.txt
0094,brianna,,0094_brianna.txt
0095,ethan,,0095_ethan.txt
0096,lauren,,0096_lauren.txt
0098,alyssa,,0098_alyssa.txt
0099,trevor,,0099_trevor.txt
0100,dana,,0100_dana.txt
0101,raymond,,0101_raymond.txt
0102,lila,,0102_lila.txt
0103,brian,,0103_brian.txt
0104,sophia,,0104_sophia.txt
0105,jonathan,,0105_jonathan.txt
0106,carla,,0106_carla.txt
0107,marcus,,0107_marcus.txt
0108,alisha,,0108_alisha.txt
0109,trevor,,0109_trevor.txt
0110,danielle,,0110_danielle.txt
0112,erica,,0112_erica.txt
0113,kyle,,0113_kyle.txt
0114,daniel,,0114_daniel.txt
0115,melissa,,0115_melissa.txt
0116,trevor,,0116_trevor.txt
0117,alicia,,0117_alicia.txt
0118,brandon,,0118_brandon.txt
0119,sophia,,0119_sophia.txt
0121,kyle,,0121_kyle.txt
0122,patricia,,0122_patricia.txt
0123,gregory,,0123_gregory.txt
0125,melissa,,0125_melissa.txt
0126,brandon,,0126_brandon.txt
0127,alicia,,0127_alicia.txt
0128,samuel,,0128_samuel.txt
0129,natalie,,0129_natalie.txt
0134,marcus,,0134_marcus.txt
0135,alicia,,0135_alicia.txt
0136,trevor,,0136_trevor.txt
0137,natalie,,0137_natalie.txt
0138,brandon,,0138_brandon.txt
0139,aaron,,0139_aaron.txt
0140,brianna,,0140_brianna.txt
0142,carla,,0142_carla.txt
0144,kyle,,0144_kyle.txt
0146,aaron,,0146_aaron.txt
0147,patricia,,0147_patricia.txt
0149,tyler,,0149_tyler.txt
0150,olivia,,0150_olivia.txt
0221,brandon,,0221_brandon.txt
0222,natalie,,0222_natalie.txt
0223,derek,,0223_derek.txt
0226,sophie,,0226_sophie.txt
0227,tyler,,0227_tyler.txt
0229,jordan,,0229_jordan.txt
0230,grace,,0230_grace.txt
0231,jason,,0231_jason.txt
0233,trevor,,0233_trevor.txt
0234,melissa,,0234_melissa.txt
0238,stephanie,,0238_stephanie.txt
0239,eric,,0239_eric.txt
0241,aaron,,0241_aaron.txt
0244,denise,,0244_denise.txt
0246,sophie,,0246_sophie.txt
0247,miguel,,0247_miguel.txt
0248,olivia,,0248_olivia.txt
0251,ryan,,0251_ryan.txt
0252,stephanie,,0252_stephanie.txt
0253,john,,0253_john.txt
0254,daniel,,0254_daniel.txt
0255,melissa,,0255_melissa.txt
0257,jessica,,0257_jessica.txt
0258,trevor,,0258_trevor.txt
0259,ashley,,0259_ashley.txt
0260,jacob,,0260_jacob.txt
0261,michael,,0261_michael.txt
0262,dan,,0262_dan.txt
0263,lauren,,0263_lauren.txt
0265,liu,,0265_liu.txt
0267,melissa,,0267_melissa.txt
0268,daniel,,0268_daniel.txt
0271,jordan,,0271_jordan.txt
0272,olivia,,0272_olivia.txt
0273,rachel,,0273_rachel.txt
0274,brooke,,0274_brooke.txt
0275,marcus,,0275_marcus.txt
0279,kevin,,0279_kevin.txt
0281,jasmine,,0281_jasmine.txt
0283,tyler,,0283_tyler.txt
0285,chloe,,0285_chloe.txt
0286,ethan,,0286_ethan.txt
0287,alicia,gomez,0287_alicia_gomez.txt
0288,jordan,blake,0288_jordan_blake.txt
0289,brittany,cole,0289_brittany_cole.txt
0292,ethan,,0292_ethan.txt
0293,melissa,,0293_melissa.txt
0294,rachel,,0294_rachel.txt
0295,tyler,,0295_tyler.txt
0296,kevin,,0296_kevin.txt
0298,alicia,,0298_alicia.txt
0299,trevor,cole,0299_trevor_cole.txt
0300,diane,whitaker,0300_diane_whitaker.txt
0307,isabella,,0307_isabella.txt
0310,james,,0310_james.txt
0314,henry,,0314_henry.txt
0316,alexander,,0316_alexander.txt
0320,michael,,0320_michael.txt
0322,david,,0322_david.txt
0330,jack,,0330_jack.txt
0336,julian,,0336_julian.txt
0338,levi,,0338_levi.txt
0342,isaac,,0342_isaac.txt
0344,gabriel,,0344_gabriel.txt
0346,anthony,,0346_anthony.txt
0348,christopher,,0348_christopher.txt
0349,penelope,,0349_penelope.txt
0352,isaac,,0352_isaac.txt
0353,stella,,0353_stella.txt
0354,gabriel,,0354_gabriel.txt
0356,anthony,,0356_anthony.txt
0358,christopher,,0358_christopher.txt
0359,penelope,,0359_penelope.txt
0360,charles,,0360_charles.txt
0362,adam,,0362_adam.txt
0363,ruby,,0363_ruby.txt
0366,patrick,,0366_patrick.txt
0368,robert,,0368_robert.txt
0370,kevin,,0370_kevin.txt
0373,iris,,0373_iris.txt
0374,eric,,0374_eric.txt
0377,jade,,0377_jade.txt
0380,matthew,torres,0380_matthew_torres.txt
0381,steven,adams,0381_steven_adams.txt
0382,nancy,walker,0382_nancy_walker.txt
0384,susan,brown,0384_susan_brown.txt
0385,karen,martin,0385_karen_martin.txt
0386,charles,scott,0386_charles_scott.txt
0388,charles,jones,0388_charles_jones.txt
0389,anthony,ramirez,0389_anthony_ramirez.txt
0390,ashley,jones,0390_ashley_jones.txt
0391,elizabeth,robinson,0391_elizabeth_robinson.txt
0394,kimberly,johnson,0394_kimberly_johnson.txt
0395,kevin,thompson,0395_kevin_thompson.txt
0396,steven,miller,0396_steven_miller.txt
0397,michelle,perez,0397_michelle_perez.txt
0398,kenneth,ramirez,0398_kenneth_ramirez.txt
0400,donald,jones,0400_donald_jones.txt
0401,thomas,johnson,0401_thomas_johnson.txt
0403,donna,smith,0403_donna_smith.txt
0404,michelle,gonzalez,0404_michelle_gonzalez.txt
0408,james,gonzalez,0408_james_gonzalez.txt
0409,david,miller,0409_david_miller.txt
0410,ashley,ramirez,0410_ashley_ramirez.txt
0411,natalie,,0411_natalie.txt
0412,derrick,,0412_derrick.txt
0413,olivia,,0413_olivia.txt
0466,timothy,rivera,0466_timothy_rivera.txt
0467,daniel,campbell,0467_daniel_campbell.txt
0468,margaret,williams,0468_margaret_williams.txt
0469,amanda,lewis,0469_amanda_lewis.txt
0474,joseph,smith,0474_joseph_smith.txt
0475,anthony,thompson,0475_anthony_thompson.txt
0477,michelle,young,0477_michelle_young.txt
0478,donna,garcia,0478_donna_garcia.txt
0479,angela,harris,0479_angela_harris.txt
0481,charles,brown,0481_charles_brown.txt
0482,brian,williams,0482_brian_williams.txt
0483,amanda,walker,0483_amanda_walker.txt
0485,ryan,lewis,0485_ryan_lewis.txt
0489,karen,martinez,0489_karen_martinez.txt
0492,mark,allen,0492_mark_allen.txt
0493,sandra,allen,0493_sandra_allen.txt
0497,jeffrey,lewis,0497_jeffrey_lewis.txt
0498,shirley,roberts,0498_shirley_roberts.txt
0499,karen,roberts,0499_karen_roberts.txt
0500,donna,williams,0500_donna_williams.txt
0501,susan,taylor,0501_susan_taylor.txt
0502,margaret,robinson,0502_margaret_robinson.txt
0505,marissa,cole,0505_marissa_cole.txt
0506,daniel,mercer,0506_daniel_mercer.txt
0507,alicia,nguyen,0507_alicia_nguyen.txt
0508,marcus,hale,0508_marcus_hale.txt
0509,renee,foster,0509_renee_foster.txt
0510,melissa,carter,0510_melissa_carter.txt
0511,devon,brooks,0511_devon_brooks.txt
0512,priya,shah,0512_priya_shah.txt
0513,kyle,ramirez,0513_kyle_ramirez.txt
0514,aaliyah,jenkins,0514_aaliyah_jenkins.txt
0515,lauren,mckee,0515_lauren_mckee.txt
0516,victor,salazar,0516_victor_salazar.txt
0517,denise,holloway,0517_denise_holloway.txt
0518,marcus,blevins,0518_marcus_blevins.txt
0519,priya,raman,0519_priya_raman.txt
0520,marissa,cole,0520_marissa_cole.txt
0521,darius,vaughn,0521_darius_vaughn.txt
0522,tessa,nguyen,0522_tessa_nguyen.txt
0523,owen,mercer,0523_owen_mercer.txt
0524,lila,hernandez,0524_lila_hernandez.txt
0525,maya,ellison,0525_maya_ellison.txt
0526,derek,holloway,0526_derek_holloway.txt
0527,alana,pierce,0527_alana_pierce.txt
0528,evan,mercer,0528_evan_mercer.txt
0529,priya,sandoval,0529_priya_sandoval.txt
0530,melyssa,grant,0530_melyssa_grant.txt
0531,darren,holt,0531_darren_holt.txt
0532,aaliyah,brooks,0532_aaliyah_brooks.txt
0533,robert,kim,0533_robert_kim.txt
0535,marissa,cole,0535_marissa_cole.txt
0537,tessa,nguyen,0537_tessa_nguyen.txt
0538,caleb,foster,0538_caleb_foster.txt
0539,alina,brooks,0539_alina_brooks.txt
0540,melissa,carver,0540_melissa_carver.txt
0542,tasha,nguyen,0542_tasha_nguyen.txt
0544,renee,holloway,0544_renee_holloway.txt
0545,melissa,carter,0545_melissa_carter.txt
0546,brian,holloway,0546_brian_holloway.txt
0548,omar,jenkins,0548_omar_jenkins.txt
0549,priya,shah,0549_priya_shah.txt
0550,hannah,porter,0550_hannah_porter.txt
0552,priya,nair,0552_priya_nair.txt
0553,derek,sloan,0553_derek_sloan.txt
0554,elena,ruiz,0554_elena_ruiz.txt
0555,hannah,pierce,0555_hannah_pierce.txt
0556,marcus,bell,0556_marcus_bell.txt
0557,olivia,ramirez,0557_olivia_ramirez.txt
0558,trevor,cole,0558_trevor_cole.txt
0559,simone,whitaker,0559_simone_whitaker.txt
0561,trevor,hayes,0561_trevor_hayes.txt
0562,elena,ruiz,0562_elena_ruiz.txt
0563,darius,bennett,0563_darius_bennett.txt
0564,naomi,park,0564_naomi_park.txt
0565,alyssa,moreno,0565_alyssa_moreno.txt
0567,priya,nair,0567_priya_nair.txt
0568,daniel,brooks,0568_daniel_brooks.txt
0569,sofia,ramirez,0569_sofia_ramirez.txt
0570,natalie,brooks,0570_natalie_brooks.txt
0571,marcus,hale,0571_marcus_hale.txt
0572,priya,shah,0572_priya_shah.txt
0573,ethan,mercer,0573_ethan_mercer.txt
0574,lena,whitmore,0574_lena_whitmore.txt
0575,allison,pierce,0575_allison_pierce.txt
0576,marcus,holloway,0576_marcus_holloway.txt
0578,derek,molina,0578_derek_molina.txt
0579,serena,walsh,0579_serena_walsh.txt
0581,brandon,lee,0581_brandon_lee.txt
0582,priya,morrison,0582_priya_morrison.txt
0583,anthony,ramirez,0583_anthony_ramirez.txt
0584,kelsey,nguyen,0584_kelsey_nguyen.txt
0586,derek,holloway,0586_derek_holloway.txt
0587,tiana,brooks,0587_tiana_brooks.txt
0588,owen,mercer,0588_owen_mercer.txt
0589,felicia,nguyen,0589_felicia_nguyen.txt
0590,natalie,brooks,0590_natalie_brooks.txt
0591,marcus,holloway,0591_marcus_holloway.txt
0592,priya,sandoval,0592_priya_sandoval.txt
0594,alana,pierce,0594_alana_pierce.txt
0596,darren,cole,0596_darren_cole.txt
0597,priya,nair,0597_priya_nair.txt
0598,aaron,whitfield,0598_aaron_whitfield.txt
0600,melissa,grant,0600_melissa_grant.txt
0601,jordan,pike,0601_jordan_pike.txt
0603,eric,holloway,0603_eric_holloway.txt
0604,hannah,cole,0604_hannah_cole.txt
0606,darnell,price,0606_darnell_price.txt
0607,elena,park,0607_elena_park.txt
0608,kevin,ramirez,0608_kevin_ramirez.txt
0609,priya,dalton,0609_priya_dalton.txt
0611,devin,carraway,0611_devin_carraway.txt
0612,renee,whitaker,0612_renee_whitaker.txt
0613,caleb,vance,0613_caleb_vance.txt
0614,tasha,monroe,0614_tasha_monroe.txt
0616,marcus,holloway,0616_marcus_holloway.txt
0617,olivia,bennett,0617_olivia_bennett.txt
0618,trevor,cole,0618_trevor_cole.txt
0619,priya,shah,0619_priya_shah.txt
0620,marissa,cole,0620_marissa_cole.txt
0621,trevor,bishop,0621_trevor_bishop.txt
0622,dana,hsu,0622_dana_hsu.txt
0623,nolan,reeves,0623_nolan_reeves.txt
0624,elaine,porter,0624_elaine_porter.txt
0625,melissa,carter,0625_melissa_carter.txt
0626,brandon,lee,0626_brandon_lee.txt
0627,tasha,nguyen,0627_tasha_nguyen.txt
0628,stephen,morales,0628_stephen_morales.txt
0629,erica,holloway,0629_erica_holloway.txt
0630,melissa,grant,0630_melissa_grant.txt
0631,trevor,molina,0631_trevor_molina.txt
0632,aaliyah,brooks,0632_aaliyah_brooks.txt
0633,daniel,pierce,0633_daniel_pierce.txt
0634,hannah,cole,0634_hannah_cole.txt
0635,emily,carter,0635_emily_carter.txt
0638,daniel,brooks,0638_daniel_brooks.txt
0639,lauren,mitchell,0639_lauren_mitchell.txt
0641,devin,holloway,0641_devin_holloway.txt
0642,elena,vargas,0642_elena_vargas.txt
0643,tyler,bishop,0643_tyler_bishop.txt
0646,trevor,nguyen,0646_trevor_nguyen.txt
0647,dana,whitaker,0647_dana_whitaker.txt
0648,luis,romero,0648_luis_romero.txt
0649,kelsey,boone,0649_kelsey_boone.txt
0651,darren,cole,0651_darren_cole.txt
0652,jasmine,patel,0652_jasmine_patel.txt
0653,marcus,holloway,0653_marcus_holloway.txt
0654,olivia,ramirez,0654_olivia_ramirez.txt
0655,alyssa,moreno,0655_alyssa_moreno.txt
0656,trevor,beck,0656_trevor_beck.txt
0657,denise,holloway,0657_denise_holloway.txt
0658,marcus,yates,0658_marcus_yates.txt
0659,priya,sethi,0659_priya_sethi.txt
0660,brianna,cole,0660_brianna_cole.txt
0661,marcus,d_henson,0661_marcus_d_henson.txt
0662,elena,park,0662_elena_park.txt
0663,owen,ramirez,0663_owen_ramirez.txt
0664,tasha,nguyen,0664_tasha_nguyen.txt
0665,monica,hale,0665_monica_hale.txt
0666,brandon,lee,0666_brandon_lee.txt
0667,tasha,nguyen,0667_tasha_nguyen.txt
0668,derek,molina,0668_derek_molina.txt
0669,felicia,brooks,0669_felicia_brooks.txt
0670,marissa,cole,0670_marissa_cole.txt
0671,darnell,price,0671_darnell_price.txt
0672,evelyn,harper,0672_evelyn_harper.txt
0674,tessa,nguyen,0674_tessa_nguyen.txt
0675,marissa,cole,0675_marissa_cole.txt
0676,trevor,haines,0676_trevor_haines.txt
0677,elena,brooks,0677_elena_brooks.txt
0678,noah,whitaker,0678_noah_whitaker.txt
0679,kiara,sutton,0679_kiara_sutton.txt
0680,marissa,cole,0680_marissa_cole.txt
0681,darren,whitfield,0681_darren_whitfield.txt
0683,owen,ramirez,0683_owen_ramirez.txt
0684,evelyn,price,0684_evelyn_price.txt
0686,darren,holt,0686_darren_holt.txt
0687,kiara,monroe,0687_kiara_monroe.txt
0688,noah,whitaker,0688_noah_whitaker.txt
0689,priya,sethi,0689_priya_sethi.txt
0690,natalie,brooks,0690_natalie_brooks.txt
0691,marcus,ellison,0691_marcus_ellison.txt
0694,evelyn,hart,0694_evelyn_hart.txt
0695,melissa,carter,0695_melissa_carter.txt
0696,daniel,brooks,0696_daniel_brooks.txt
0698,marcus,hill,0698_marcus_hill.txt
0699,hannah,nguyen,0699_hannah_nguyen.txt
0700,marissa,cole,0700_marissa_cole.txt
0701,trevor,lang,0701_trevor_lang.txt
0702,elaine,foster,0702_elaine_foster.txt
0703,darius,benton,0703_darius_benton.txt
0704,nicole,ramirez,0704_nicole_ramirez.txt
0706,calvin,reese,0706_calvin_reese.txt
0707,tiana,brooks,0707_tiana_brooks.txt
0708,darren,whitaker,0708_darren_whitaker.txt
0709,elena,park,0709_elena_park.txt
0711,marcus,delaney,0711_marcus_delaney.txt
0713,daniel,ruiz,0713_daniel_ruiz.txt
0716,darius,bennett,0716_darius_bennett.txt
0717,evelyn,park,0717_evelyn_park.txt
0718,nolan,reyes,0718_nolan_reyes.txt
0720,hannah,porter,0720_hannah_porter.txt
0721,marcus,ellison,0721_marcus_ellison.txt
0723,robert,gaines,0723_robert_gaines.txt
0724,sofia,mendoza,0724_sofia_mendoza.txt
0725,alyssa,moreno,0725_alyssa_moreno.txt
0726,darren,pike,0726_darren_pike.txt
0727,naomi,fletcher,0727_naomi_fletcher.txt
0728,marcus,ellison,0728_marcus_ellison.txt
0731,marcus,hale,0731_marcus_hale.txt
0732,priya,shah,0732_priya_shah.txt
0733,evelyn,carter,0733_evelyn_carter.txt
0734,jordan,kim,0734_jordan_kim.txt
0735,marissa,doyle,0735_marissa_doyle.txt
0736,travis,mckenna,0736_travis_mckenna.txt
0737,evelyn,hart,0737_evelyn_hart.txt
0738,jerome,ellis,0738_jerome_ellis.txt
0741,ethan,holloway,0741_ethan_holloway.txt
0742,denise,harper,0742_denise_harper.txt
0743,joel,mercer,0743_joel_mercer.txt
0744,priya,bennett,0744_priya_bennett.txt
0747,aisha,coleman,0747_aisha_coleman.txt
0748,christopher,yates,0748_christopher_yates.txt
0749,lauren,bishop,0749_lauren_bishop.txt
0751,derek,holloway,0751_derek_holloway.txt
0752,priya,nanduri,0752_priya_nanduri.txt
0753,evan,whitmore,0753_evan_whitmore.txt
0754,talia,mendoza,0754_talia_mendoza.txt
0755,marissa,doyle,0755_marissa_doyle.txt
0756,terrence,hall,0756_terrence_hall.txt
0757,elena,vargas,0757_elena_vargas.txt
0758,noah,bennett,0758_noah_bennett.txt
0759,kiara,sutton,0759_kiara_sutton.txt
0760,marissa,cole,0760_marissa_cole.txt
0761,devin,hart,0761_devin_hart.txt
0764,hannah,foster,0764_hannah_foster.txt
0765,emily,carter,0765_emily_carter.txt
0766,marcus,hill,0766_marcus_hill.txt
0767,sofia,ramirez,0767_sofia_ramirez.txt
0769,rachel,nguyen,0769_rachel_nguyen.txt
0770,marissa,cole,0770_marissa_cole.txt
0771,trevor,nguyen,0771_trevor_nguyen.txt
0773,elena,ramirez,0773_elena_ramirez.txt
0774,owen,parker,0774_owen_parker.txt
0775,marissa,cole,0775_marissa_cole.txt
0778,aaliyah,mercer,0778_aaliyah_mercer.txt
0780,madison,keller,0780_madison_keller.txt
0782,priya,sandoval,0782_priya_sandoval.txt
0783,noah,whitaker,0783_noah_whitaker.txt
0786,brandon,lee,0786_brandon_lee.txt
0788,noah,whitaker,0788_noah_whitaker.txt
0789,priya,donnelly,0789_priya_donnelly.txt
0790,marissa,cole,0790_marissa_cole.txt
0791,terrence,brooks,0791_terrence_brooks.txt
0792,evelyn,price,0792_evelyn_price.txt
0793,nolan,reyes,0793_nolan_reyes.txt
0796,darnell,price,0796_darnell_price.txt
0797,evelyn,shaw,0797_evelyn_shaw.txt
0799,camille,nguyen,0799_camille_nguyen.txt
0800,marissa,cole,0800_marissa_cole.txt
0802,denise,alvarez,0802_denise_alvarez.txt
0805,marissa,cole,0805_marissa_cole.txt
0806,daniel,whitaker,0806_daniel_whitaker.txt
0808,trevor,banks,0808_trevor_banks.txt
0809,aisha,bennett,0809_aisha_bennett.txt
0810,natalie,brooks,0810_natalie_brooks.txt
0811,marcus,hill,0811_marcus_hill.txt
0812,priya,nair,0812_priya_nair.txt
0813,connor,alvarez,0813_connor_alvarez.txt
0814,denise,carter,0814_denise_carter.txt
0816,melissa,grant,0816_melissa_grant.txt
0817,trevor,miles,0817_trevor_miles.txt
0819,raymond,cole,0819_raymond_cole.txt
0820,aisha,patel,0820_aisha_patel.txt
0822,darius,whitmore,0822_darius_whitmore.txt
0823,elena,pruitt,0823_elena_pruitt.txt
0824,colin,reyes,0824_colin_reyes.txt
0825,priya,holloway,0825_priya_holloway.txt
0830,priya,nanduri,0830_priya_nanduri.txt
0832,darren,whitaker,0832_darren_whitaker.txt
0833,keisha,bennett,0833_keisha_bennett.txt
0834,owen,patel,0834_owen_patel.txt
0835,elena,ramirez,0835_elena_ramirez.txt
0836,avery,collins,0836_avery_collins.txt
0837,marcus,hale,0837_marcus_hale.txt
0839,daniel,brooks,0839_daniel_brooks.txt
0840,priya,sutton,0840_priya_sutton.txt
0843,priya,daniels,0843_priya_daniels.txt
0844,caleb,foster,0844_caleb_foster.txt
0845,elena,ramirez,0845_elena_ramirez.txt
0846,marissa,cole,0846_marissa_cole.txt
0847,terrence,bowman,0847_terrence_bowman.txt
0848,elena,ruiz,0848_elena_ruiz.txt
0850,dana,whitaker,0850_dana_whitaker.txt
0851,marissa,coleman,0851_marissa_coleman.txt
0853,danielle,park,0853_danielle_park.txt
0854,kevin,whitaker,0854_kevin_whitaker.txt
0856,marissa,cole,0856_marissa_cole.txt
0857,devin,hart,0857_devin_hart.txt
0859,aaron,bishop,0859_aaron_bishop.txt
0860,elena,brooks,0860_elena_brooks.txt
0862,devon,mercer,0862_devon_mercer.txt
0864,andre,bowers,0864_andre_bowers.txt
0865,elena,foster,0865_elena_foster.txt
0869,raymond,ellis,0869_raymond_ellis.txt
0872,marcus,delaney,0872_marcus_delaney.txt
0873,tiana,mercer,0873_tiana_mercer.txt
0875,priya,sethi,0875_priya_sethi.txt
0876,melissa,hart,0876_melissa_hart.txt
0877,daniel,pierce,0877_daniel_pierce.txt
0878,priya,bennett,0878_priya_bennett.txt
0879,robert,kim,0879_robert_kim.txt
0882,trevor,nguyen,0882_trevor_nguyen.txt
0883,denise,holloway,0883_denise_holloway.txt
0884,caleb,foster,0884_caleb_foster.txt
0885,lila,bennett,0885_lila_bennett.txt
0886,natalie,brooks,0886_natalie_brooks.txt
0888,jasmine,carter,0888_jasmine_carter.txt
0890,olivia,ramirez,0890_olivia_ramirez.txt
0892,calvin,reese,0892_calvin_reese.txt
0893,tiana,brooks,0893_tiana_brooks.txt
0895,selena,ward,0895_selena_ward.txt
0897,marcus,bell,0897_marcus_bell.txt
0898,priya,sethi,0898_priya_sethi.txt
0900,serena,caldwell,0900_serena_caldwell.txt
0902,daniel,price,0902_daniel_price.txt
0905,tasha,nguyen,0905_tasha_nguyen.txt
0906,marissa,cole,0906_marissa_cole.txt
0907,donovan,pierce,0907_donovan_pierce.txt
0909,ethan,holloway,0909_ethan_holloway.txt
0910,lila,monroe,0910_lila_monroe.txt
0911,lauren,whitaker,0911_lauren_whitaker.txt
0915,tessa,holloway,0915_tessa_holloway.txt
0916,marissa,holt,0916_marissa_holt.txt
0918,kiara,bennett,0918_kiara_bennett.txt
0919,ronald,pierce,0919_ronald_pierce.txt
0920,elena,brooks,0920_elena_brooks.txt
0922,daniel,ruiz,0922_daniel_ruiz.txt
0924,owen,hart,0924_owen_hart.txt
0925,felicia,monroe,0925_felicia_monroe.txt
0926,marissa,cole,0926_marissa_cole.txt
0929,trevor,mcneil,0929_trevor_mcneil.txt
0930,aisha,bennett,0930_aisha_bennett.txt
0932,derek,holloway,0932_derek_holloway.txt
0934,sean,whitaker,0934_sean_whitaker.txt
0937,marcus,ellison,0937_marcus_ellison.txt
0938,priya,hammond,0938_priya_hammond.txt
0942,darnell,pierce,0942_darnell_pierce.txt
0945,priya,nanduri,0945_priya_nanduri.txt
0947,daniel,ruiz,0947_daniel_ruiz.txt
0949,kevin,barlow,0949_kevin_barlow.txt
0950,priya,coleman,0950_priya_coleman.txt
0951,allison,mercer,0951_allison_mercer.txt
0955,danielle,brooks,0955_danielle_brooks.txt
0957,trevor,mullins,0957_trevor_mullins.txt
0958,danielle,foster,0958_danielle_foster.txt
0959,ethan,caldwell,0959_ethan_caldwell.txt
0960,jasmine,patel,0960_jasmine_patel.txt
0961,marissa,cole,0961_marissa_cole.txt
0962,daniel,mercer,0962_daniel_mercer.txt
0963,priya,nand,0963_priya_nand.txt
0964,owen,whitaker,0964_owen_whitaker.txt
0965,elena,ruiz,0965_elena_ruiz.txt
0967,marcus,bell,0967_marcus_bell.txt
0969,elena,brooks,0969_elena_brooks.txt
0970,trevor,sloan,0970_trevor_sloan.txt
0971,brianna,holt,0971_brianna_holt.txt
0973,elena,vargas,0973_elena_vargas.txt
0974,calvin,reese,0974_calvin_reese.txt
0975,nadia,pierce,0975_nadia_pierce.txt
0976,marissa,holt,0976_marissa_holt.txt
0978,elena,vargas,0978_elena_vargas.txt
0979,caleb,monroe,0979_caleb_monroe.txt
0980,simone,avery,0980_simone_avery.txt
0984,daniel,mercer,0984_daniel_mercer.txt
0985,aimee,collins,0985_aimee_collins.txt
0986,avery,collins,0986_avery_collins.txt
0987,marcus,rivera,0987_marcus_rivera.txt
0988,priya,shah,0988_priya_shah.txt
0989,nolan,price,0989_nolan_price.txt
0990,elena,brooks,0990_elena_brooks.txt
0991,marissa,cole,0991_marissa_cole.txt
0992,terrence,boyd,0992_terrence_boyd.txt
0994,caleb,rios,0994_caleb_rios.txt
0996,alyssa,moreno,0996_alyssa_moreno.txt
0997,marcus,bell,0997_marcus_bell.txt
0999,daniel,whitaker,0999_daniel_whitaker.txt
1000,rebecca,sloan,1000_rebecca_sloan.txt
1001,marissa,cole,1001_marissa_cole.txt
1002,trevor,gaines,1002_trevor_gaines.txt
1003,keisha,benton,1003_keisha_benton.txt
1004,owen,fletcher,1004_owen_fletcher.txt
1005,linda,park,1005_linda_park.txt
1006,jonah,rice,1006_jonah_rice.txt
1007,naomi,foster,1007_naomi_foster.txt
1008,kelsey,tran,1008_kelsey_tran.txt
1009,hannah,wells,1009_hannah_wells.txt
1010,marisol,keen,1010_marisol_keen.txt
1011,melissa,carter,1011_melissa_carter.txt
1012,brandon,lee,1012_brandon_lee.txt
1013,priya,holloway,1013_priya_holloway.txt
1014,evan,morales,1014_evan_morales.txt
1015,dana,whitaker,1015_dana_whitaker.txt
1017,darnell,price,1017_darnell_price.txt
1019,trevor,nguyen,1019_trevor_nguyen.txt
1020,denise,alvarez,1020_denise_alvarez.txt
1021,marissa,cole,1021_marissa_cole.txt
1022,jordan,velez,1022_jordan_velez.txt
1023,alina,mercer,1023_alina_mercer.txt
1024,devin,rusk,1024_devin_rusk.txt
1025,priya,danner,1025_priya_danner.txt
1027,daniel,ruiz,1027_daniel_ruiz.txt
1028,lauren,kim,1028_lauren_kim.txt
1029,travis,bennett,1029_travis_bennett.txt
1030,simone,carter,1030_simone_carter.txt
1031,lauren,mckee,1031_lauren_mckee.txt
1032,marcus,holloway,1032_marcus_holloway.txt
1033,priya,sandoval,1033_priya_sandoval.txt
1034,brianne,porter,1034_brianne_porter.txt
1035,devon,whitaker,1035_devon_whitaker.txt
1036,emily,hart,1036_emily_hart.txt
1037,marcus,lee,1037_marcus_lee.txt
1038,tasha,brooks,1038_tasha_brooks.txt
1039,daniel,ruiz,1039_daniel_ruiz.txt
1040,lauren,whitaker,1040_lauren_whitaker.txt
1041,jenna,morales,1041_jenna_morales.txt
1042,caleb,turner,1042_caleb_turner.txt
1043,brianna,cole,1043_brianna_cole.txt
1044,eric,holloway,1044_eric_holloway.txt
1045,naomi,patel,1045_naomi_patel.txt
1046,emily,harper,1046_emily_harper.txt
1047,marcus,lee,1047_marcus_lee.txt
1048,alicia,torres,1048_alicia_torres.txt
1049,thomas,waller,1049_thomas_waller.txt
1050,priya,nair,1050_priya_nair.txt
1051,marissa,cole,1051_marissa_cole.txt
1052,derek,vaughn,1052_derek_vaughn.txt
1053,lydia,bennett,1053_lydia_bennett.txt
1054,jordan,ellis,1054_jordan_ellis.txt
1055,simone,harper,1055_simone_harper.txt
1056,melissa,harper,1056_melissa_harper.txt
1057,brandon,ellis,1057_brandon_ellis.txt
1058,priya,bennett,1058_priya_bennett.txt
1059,trevor,mclean,1059_trevor_mclean.txt
1060,alana,brooks,1060_alana_brooks.txt
1061,marissa,gomez,1061_marissa_gomez.txt
1062,daniel,brooks,1062_daniel_brooks.txt
1063,kelsey,harper,1063_kelsey_harper.txt
1064,aaron,miller,1064_aaron_miller.txt
1065,tiana,rivera,1065_tiana_rivera.txt
1066,hannah,mercer,1066_hannah_mercer.txt
1067,marcus,ellison,1067_marcus_ellison.txt
1068,kiara,bennett,1068_kiara_bennett.txt
1069,daniel,rios,1069_daniel_rios.txt
1070,brooke,callahan,1070_brooke_callahan.txt
1071,erica,nolan,1071_erica_nolan.txt
1072,marcus,bell,1072_marcus_bell.txt
1073,tyrese,coleman,1073_tyrese_coleman.txt
1074,hannah,pierce,1074_hannah_pierce.txt
1075,olivia,ramirez,1075_olivia_ramirez.txt
1076,melissa,garner,1076_melissa_garner.txt
1077,jordan,pike,1077_jordan_pike.txt
1078,renee,holloway,1078_renee_holloway.txt
1079,ethan,morales,1079_ethan_morales.txt
1080,claire,sutton,1080_claire_sutton.txt
1081,megan,ortiz,1081_megan_ortiz.txt
1082,travis,boone,1082_travis_boone.txt
1083,danielle,price,1083_danielle_price.txt
1084,jesse,rowan,1084_jesse_rowan.txt
1085,marcus,lee,1085_marcus_lee.txt
1086,logan,mercer,1086_logan_mercer.txt
1087,jasmine,holloway,1087_jasmine_holloway.txt
1088,ethan,salazar,1088_ethan_salazar.txt
1089,monica,pierce,1089_monica_pierce.txt
1090,tyler,nguyen,1090_tyler_nguyen.txt
1091,alyssa,moreno,1091_alyssa_moreno.txt
1092,brandon,ellis,1092_brandon_ellis.txt
1093,kendra,willis,1093_kendra_willis.txt
1094,daniel,cho,1094_daniel_cho.txt
1095,kelly,ramirez,1095_kelly_ramirez.txt
1096,melissa,carter,1096_melissa_carter.txt
1097,darren,brooks,1097_darren_brooks.txt
1098,jasmine,nguyen,1098_jasmine_nguyen.txt
1099,kevin,holloway,1099_kevin_holloway.txt
1100,priya,shah,1100_priya_shah.txt
1101,alyssa,moreno,1101_alyssa_moreno.txt
1102,brian,kellogg,1102_brian_kellogg.txt
1103,danielle,price,1103_danielle_price.txt
1104,marcus,ellison,1104_marcus_ellison.txt
1105,tiffany,hsu,1105_tiffany_hsu.txt
1106,lauren,bishop,1106_lauren_bishop.txt
1107,marcus,holloway,1107_marcus_holloway.txt
1108,priya,nand,1108_priya_nand.txt
1109,evelyn,hart,1109_evelyn_hart.txt
1110,jordan,pike,1110_jordan_pike.txt
1111,marissa,coleman,1111_marissa_coleman.txt
1112,daniel,ruiz,1112_daniel_ruiz.txt
1113,tiana,brooks,1113_tiana_brooks.txt
1114,kevin,whitaker,1114_kevin_whitaker.txt
1115,alyssa,nguyen,1115_alyssa_nguyen.txt
1116,melissa,grant,1116_melissa_grant.txt
1117,darren,holloway,1117_darren_holloway.txt
1118,priya,nand,1118_priya_nand.txt
1119,jordan,pike,1119_jordan_pike.txt
1120,elena,brooks,1120_elena_brooks.txt
1121,melissa,carter,1121_melissa_carter.txt
1122,jordan,ellis,1122_jordan_ellis.txt
1123,tasha,nguyen,1123_tasha_nguyen.txt
1124,eric,holloway,1124_eric_holloway.txt
1125,brianna,lopez,1125_brianna_lopez.txt
1126,lauren,pike,1126_lauren_pike.txt
1127,marcus,holloway,1127_marcus_holloway.txt
1128,priya,nair,1128_priya_nair.txt
1129,daniel,crowe,1129_daniel_crowe.txt
1130,tessa,monroe,1130_tessa_monroe.txt
1131,emily,harper,1131_emily_harper.txt
1132,daniel,ruiz,1132_daniel_ruiz.txt
1133,nicole,bennett,1133_nicole_bennett.txt
1134,marcus,lee,1134_marcus_lee.txt
1135,ava,monroe,1135_ava_monroe.txt
1136,melissa,garner,1136_melissa_garner.txt
1137,jordan,pike,1137_jordan_pike.txt
1138,dana,whitmore,1138_dana_whitmore.txt
1139,robert,salazar,1139_robert_salazar.txt
1140,priya,holloway,1140_priya_holloway.txt
1141,jenna,morales,1141_jenna_morales.txt
1142,tasha,greene,1142_tasha_greene.txt
1143,eric,holden,1143_eric_holden.txt
1144,marcus,lee,1144_marcus_lee.txt
1145,olivia,grant,1145_olivia_grant.txt
1146,maya,ellison,1146_maya_ellison.txt
1147,daniel,mercer,1147_daniel_mercer.txt
1148,keisha,vaughn,1148_keisha_vaughn.txt
1149,ethan,caldwell,1149_ethan_caldwell.txt
1150,lauren,pierce,1150_lauren_pierce.txt
1151,lauren,mitchell,1151_lauren_mitchell.txt
1152,kate,monroe,1152_kate_monroe.txt
1153,eric,salazar,1153_eric_salazar.txt
1154,dana,pierce,1154_dana_pierce.txt
1155,marcus,harris,1155_marcus_harris.txt
1156,allison,pierce,1156_allison_pierce.txt
1157,marcus,holloway,1157_marcus_holloway.txt
1158,renee,alvarez,1158_renee_alvarez.txt
1159,troy,whitaker,1159_troy_whitaker.txt
1160,naomi,chen,1160_naomi_chen.txt
1162,daniel,mercer,1162_daniel_mercer.txt
1163,tiana,brooks,1163_tiana_brooks.txt
1164,owen,barrett,1164_owen_barrett.txt
1165,felicia,nguyen,1165_felicia_nguyen.txt
1166,marissa,cole,1166_marissa_cole.txt
1167,darren,whitlock,1167_darren_whitlock.txt
1168,kiara,benton,1168_kiara_benton.txt
1169,owen,mercer,1169_owen_mercer.txt
1170,helena,ruiz,1170_helena_ruiz.txt
1171,alyssa,moreno,1171_alyssa_moreno.txt
1172,marcus,whitaker,1172_marcus_whitaker.txt
1174,darren,cole,1174_darren_cole.txt
1175,brianna,kim,1175_brianna_kim.txt
1177,marcus,reed,1177_marcus_reed.txt
1178,sierra,patel,1178_sierra_patel.txt
1179,daniel,brooks,1179_daniel_brooks.txt
1180,natalie,foster,1180_natalie_foster.txt
1181,hannah,keller,1181_hannah_keller.txt
1182,marcus,dorsey,1182_marcus_dorsey.txt
1183,lena,whitcomb,1183_lena_whitcomb.txt
1184,owen,pritchard,1184_owen_pritchard.txt
1185,tessa,moreno,1185_tessa_moreno.txt
1186,daniel,mercer,1186_daniel_mercer.txt
1187,tasha,reynolds,1187_tasha_reynolds.txt
1188,brianna,cole,1188_brianna_cole.txt
1189,marcus,han,1189_marcus_han.txt
1190,olivia,beck,1190_olivia_beck.txt
1191,dana,whitaker,1191_dana_whitaker.txt
1192,marcus,ellison,1192_marcus_ellison.txt
1193,priya,dawson,1193_priya_dawson.txt
1194,leo,mcbride,1194_leo_mcbride.txt
1195,sabrina,holt,1195_sabrina_holt.txt
1196,allison,pike,1196_allison_pike.txt
1197,marcus,holloway,1197_marcus_holloway.txt
1198,priya,nanduri,1198_priya_nanduri.txt
1199,denise,carver,1199_denise_carver.txt
1200,trevor,malloy,1200_trevor_malloy.txt
1201,megan,holloway,1201_megan_holloway.txt
1202,daniel,mercer,1202_daniel_mercer.txt
1203,priya,sethi,1203_priya_sethi.txt
1205,alicia,romero,1205_alicia_romero.txt
1206,marissa,cole,1206_marissa_cole.txt
1207,daniel,mercer,1207_daniel_mercer.txt
1208,priya,henson,1208_priya_henson.txt
1209,owen,barrett,1209_owen_barrett.txt
1210,elena,ruiz,1210_elena_ruiz.txt
1211,allison,mercer,1211_allison_mercer.txt
1212,darius,holloway,1212_darius_holloway.txt
1213,priya,donnelly,1213_priya_donnelly.txt
1214,miguel,soria,1214_miguel_soria.txt
1215,jenna,whitaker,1215_jenna_whitaker.txt
1216,marissa,cole,1216_marissa_cole.txt
1217,daniel,mercer,1217_daniel_mercer.txt
1218,tasha,nguyen,1218_tasha_nguyen.txt
1219,owen,barrett,1219_owen_barrett.txt
1220,priya,ellison,1220_priya_ellison.txt
1221,megan,holloway,1221_megan_holloway.txt
1222,daniel,ruiz,1222_daniel_ruiz.txt
1223,alyssa,chen,1223_alyssa_chen.txt
1224,marcus,bell,1224_marcus_bell.txt
1225,tanya,brooks,1225_tanya_brooks.txt
1226,marissa,cole,1226_marissa_cole.txt
1227,darren,whitaker,1227_darren_whitaker.txt
1228,lena,park,1228_lena_park.txt
1229,isaiah,bennett,1229_isaiah_bennett.txt
1230,holly,ramirez,1230_holly_ramirez.txt
1231,danielle,ortiz,1231_danielle_ortiz.txt
1232,kelsey,moran,1232_kelsey_moran.txt
1233,jordan,patel,1233_jordan_patel.txt
1235,trevor,kim,1235_trevor_kim.txt
1236,marissa,cole,1236_marissa_cole.txt
1237,daniel,mercer,1237_daniel_mercer.txt
1238,tasha,nguyen,1238_tasha_nguyen.txt
1239,everett,blake,1239_everett_blake.txt
1240,brianna,foster,1240_brianna_foster.txt
1241,hannah,brooks,1241_hannah_brooks.txt
1242,marcus,ellison,1242_marcus_ellison.txt
1243,priya,desai,1243_priya_desai.txt
1244,luis,ramirez,1244_luis_ramirez.txt
1245,alyssa,turner,1245_alyssa_turner.txt
1246,marissa,cole,1246_marissa_cole.txt
1247,derrick,harmon,1247_derrick_harmon.txt
1248,talia,nguyen,1248_talia_nguyen.txt
1249,oscar,delgado,1249_oscar_delgado.txt
1250,jasmine,rowe,1250_jasmine_rowe.txt
1251,marissa,cole,1251_marissa_cole.txt
1252,devon,whitaker,1252_devon_whitaker.txt
1254,trevor,hanley,1254_trevor_hanley.txt
1255,kiara,bennett,1255_kiara_bennett.txt
1256,lauren,mckay,1256_lauren_mckay.txt
1258,brianna,soto,1258_brianna_soto.txt
1259,devin,harlow,1259_devin_harlow.txt
1260,hannah,pierce,1260_hannah_pierce.txt
1261,marissa,cole,1261_marissa_cole.txt
1262,darnell,price,1262_darnell_price.txt
1263,naomi,reeves,1263_naomi_reeves.txt
1264,ethan,holloway,1264_ethan_holloway.txt
1265,priya,nair,1265_priya_nair.txt
1266,marissa,doyle,1266_marissa_doyle.txt
1267,ethan,pritchard,1267_ethan_pritchard.txt
1268,tiana,mercer,1268_tiana_mercer.txt
1269,nolan,reyes,1269_nolan_reyes.txt
1270,alana,brooks,1270_alana_brooks.txt
1271,alyssa,moreno,1271_alyssa_moreno.txt
1272,daniel,price,1272_daniel_price.txt
1273,jasmine,bell,1273_jasmine_bell.txt
1274,trevor,kline,1274_trevor_kline.txt
1276,madison,reed,1276_madison_reed.txt
1277,trevor,collins,1277_trevor_collins.txt
1278,alana,brooks,1278_alana_brooks.txt
1279,gabriel,foster,1279_gabriel_foster.txt
1280,kiara,bennett,1280_kiara_bennett.txt
1281,marissa,cole,1281_marissa_cole.txt
1282,devin,hart,1282_devin_hart.txt
1284,luke,bennett,1284_luke_bennett.txt
1285,elena,vasquez,1285_elena_vasquez.txt
1286,marissa,cole,1286_marissa_cole.txt
1287,kevin,pritchard,1287_kevin_pritchard.txt
1289,thomas,grady,1289_thomas_grady.txt
1290,alina,brooks,1290_alina_brooks.txt
1291,melissa,garner,1291_melissa_garner.txt
1292,daniel,price,1292_daniel_price.txt
1293,priya,holloway,1293_priya_holloway.txt
1294,trevor,mcneil,1294_trevor_mcneil.txt
1295,erica,sutton,1295_erica_sutton.txt
1296,marissa,cole,1296_marissa_cole.txt
1297,darnell,pierce,1297_darnell_pierce.txt
1298,elena,brooks,1298_elena_brooks.txt
1299,travis,nguyen,1299_travis_nguyen.txt
1300,brianna,foster,1300_brianna_foster.txt
1301,megan,holloway,1301_megan_holloway.txt
1302,darius,bennett,1302_darius_bennett.txt
1303,elena,ruiz,1303_elena_ruiz.txt
1304,caleb,morton,1304_caleb_morton.txt
1305,priya,desai,1305_priya_desai.txt
1306,madison,lee,1306_madison_lee.txt
1307,trevor,haines,1307_trevor_haines.txt
1308,carmen,alvarez,1308_carmen_alvarez.txt
1309,owen,parker,1309_owen_parker.txt
1310,nicole,benton,1310_nicole_benton.txt
1311,alyssa,carter,1311_alyssa_carter.txt
1313,maya,ellis,1313_maya_ellis.txt
1314,terrence,holt,1314_terrence_holt.txt
1315,priya,raman,1315_priya_raman.txt
1316,jorge,salazar,1316_jorge_salazar.txt
1317,lauren,pierce,1317_lauren_pierce.txt
1318,camille,rosen,1318_camille_rosen.txt
1319,marcus,dillard,1319_marcus_dillard.txt
1320,devon,hart,1320_devon_hart.txt
1322,jordan,pike,1322_jordan_pike.txt
1323,kayla,monroe,1323_kayla_monroe.txt
1324,travis,coleman,1324_travis_coleman.txt
1325,aisha,bennett,1325_aisha_bennett.txt
1327,lauren,reese,1327_lauren_reese.txt
1328,mateo,silva,1328_mateo_silva.txt
1329,brooke,hanley,1329_brooke_hanley.txt
1330,omar,whitfield,1330_omar_whitfield.txt
1331,emily,harper,1331_emily_harper.txt
1332,marcus,bell,1332_marcus_bell.txt
1333,sofia,martinez,1333_sofia_martinez.txt
1334,noah,whitaker,1334_noah_whitaker.txt
1335,aaliyah,brooks,1335_aaliyah_brooks.txt
1337,brittany,cole,1337_brittany_cole.txt
1338,tyler,jennings,1338_tyler_jennings.txt
1339,rachel,nguyen,1339_rachel_nguyen.txt
1340,javier,ortiz,1340_javier_ortiz.txt
1341,marissa,cole,1341_marissa_cole.txt
1342,daniel,mercer,1342_daniel_mercer.txt
1343,priya,nanduri,1343_priya_nanduri.txt
1344,everett,banks,1344_everett_banks.txt
1345,elena,hart,1345_elena_hart.txt
1346,nathan,holloway,1346_nathan_holloway.txt
1347,jocelyn,pike,1347_jocelyn_pike.txt
1348,caleb,monroe,1348_caleb_monroe.txt
1349,tiana,brooks,1349_tiana_brooks.txt
1350,russell,kim,1350_russell_kim.txt
1351,lauren,whitfield,1351_lauren_whitfield.txt
1352,marcus,holloway,1352_marcus_holloway.txt
1353,brianna,cole,1353_brianna_cole.txt
1354,steven,parrish,1354_steven_parrish.txt
1355,denise,harlan,1355_denise_harlan.txt
1357,angela,ruiz,1357_angela_ruiz.txt
1358,harold,beck,1358_harold_beck.txt
1359,nia,thompson,1359_nia_thompson.txt
1360,owen,mercer,1360_owen_mercer.txt
1361,lauren,mcbride,1361_lauren_mcbride.txt
1362,brandon,ellis,1362_brandon_ellis.txt
1364,caleb,morton,1364_caleb_morton.txt
1365,tessa,alvarez,1365_tessa_alvarez.txt
1447,aisha,manning,1447_aisha_manning.txt
1448,caleb,foster,1448_caleb_foster.txt
1449,priya,nair,1449_priya_nair.txt
1450,jordan,bell,1450_jordan_bell.txt
1455,renee,holloway,1455_renee_holloway.txt
1458,bryce,connelly,1458_bryce_connelly.txt
1460,owen,farley,1460_owen_farley.txt
1462,daniel,mercer,1462_daniel_mercer.txt
1463,tiana,brooks,1463_tiana_brooks.txt
1464,owen,fletcher,1464_owen_fletcher.txt
1466,caleb,hinton,1466_caleb_hinton.txt
1467,elena,torres,1467_elena_torres.txt
1468,marcus,ellison,1468_marcus_ellison.txt
1469,holly,nguyen,1469_holly_nguyen.txt
1470,grant,holloway,1470_grant_holloway.txt
1473,brooke,callahan,1473_brooke_callahan.txt
1475,tessa,nguyen,1475_tessa_nguyen.txt
1477,alyssa,porter,1477_alyssa_porter.txt
1478,omar,patel,1478_omar_patel.txt
1479,erica,shelton,1479_erica_shelton.txt
1480,jonah,whitaker,1480_jonah_whitaker.txt
1481,marissa,cole,1481_marissa_cole.txt
1482,devin,holloway,1482_devin_holloway.txt
1483,elena,watkins,1483_elena_watkins.txt
1484,caleb,mercer,1484_caleb_mercer.txt
1485,priya,nair,1485_priya_nair.txt
1486,hank,dorsey,1486_hank_dorsey.txt
1489,janelle,brooks,1489_janelle_brooks.txt
1490,trevor,lind,1490_trevor_lind.txt
1491,marissa,cole,1491_marissa_cole.txt
1493,tasha,greene,1493_tasha_greene.txt
1494,victor,salazar,1494_victor_salazar.txt
1495,erin,whitfield,1495_erin_whitfield.txt
1496,kevin,booker,1496_kevin_booker.txt
1497,linda,park,1497_linda_park.txt
1499,noelle,ramsey,1499_noelle_ramsey.txt
1500,russell,dean,1500_russell_dean.txt
1503,denise,calloway,1503_denise_calloway.txt
1504,ethan,pike,1504_ethan_pike.txt
1505,hannah,rios,1505_hannah_rios.txt
1507,brianna,cho,1507_brianna_cho.txt
1509,maya,bell,1509_maya_bell.txt
1510,noah,whitaker,1510_noah_whitaker.txt
1511,lauren,mcbride,1511_lauren_mcbride.txt
1512,darren,holloway,1512_darren_holloway.txt
1514,marcus,ellison,1514_marcus_ellison.txt
1515,priya,banerjee,1515_priya_banerjee.txt
1516,caleb,foster,1516_caleb_foster.txt
1523,nicole,benton,1523_nicole_benton.txt
1527,hannah,whitaker,1527_hannah_whitaker.txt
1534,damian,reyes,1534_damian_reyes.txt
1544,caleb,foster,1544_caleb_foster.txt
1553,andrea,morales,1553_andrea_morales.txt
1558,omar,jenkins,1558_omar_jenkins.txt
1564,nathaniel,brooks,1564_nathaniel_brooks.txt
1582,marcus,lee,1582_marcus_lee.txt
1592,jordan,ramirez,1592_jordan_ramirez.txt
1594,marcus,lee,1594_marcus_lee.txt
1622,marcus,holloway,1622_marcus_holloway.txt
1654,josephine,reed,1654_josephine_reed.txt
