index,participant,filename
210,Allison Abney,0210_allison_abney.txt
211,Hannah Mercer,0211_hannah_mercer.txt
212,Caelan Wakefield,0212_caelan_wakefield.txt
213,Ava Collins,0213_ava_collins.txt
215,Mason Keller,0215_mason_keller.txt
216,Marissa Doyle,0216_marissa_doyle.txt
217,Lauren McBride,0217_lauren_mcbride.txt
218,Hannah Mercer,0218_hannah_mercer.txt
220,Mason Brooks,0220_mason_brooks.txt
221,Marissa Cole,0221_marissa_cole.txt
222,Maya Ellison,0222_maya_ellison.txt
223,Marissa Holt,0223_marissa_holt.txt
224,Marissa Cole,0224_marissa_cole.txt
226,Olivia Hart,0226_olivia_hart.txt
227,Lauren Pike,0227_lauren_pike.txt
228,Kenzie Kenzie,0228_kenzie_kenzie.txt
229,Marcus Vic,0229_marcus_vic.txt
230,Trevor Mays,0230_trevor_mays.txt
232,Darren Whitaker,0232_darren_whitaker.txt
233,Tiana Brooks,0233_tiana_brooks.txt
235,Jimmie Holloway,0235_jimmie_holloway.txt
236,Marcus Bell,0236_marcus_bell.txt
237,Evan Ramirez,0237_evan_ramirez.txt
238,Tiana Morales,0238_tiana_morales.txt
239,Jamal Whitaker,0239_jamal_whitaker.txt
240,Daniel Mercer,0240_daniel_mercer.txt
241,DeShawn Porter,0241_deshawn_porter.txt
242,Andre Whitaker,0242_andre_whitaker.txt
243,Elena Brooks,0243_elena_brooks.txt
244,Daniel Price,0244_daniel_price.txt
245,Marcus Lyle,0245_marcus_lyle.txt
246,Trevor Holloway,0246_trevor_holloway.txt
247,Priya Thrussell,0247_priya_thrussell.txt
249,Elena Ramirez,0249_elena_ramirez.txt
250,Aaliyah Greene,0250_aaliyah_greene.txt
251,Derek Holloway,0251_derek_holloway.txt
252,Denise Harper,0252_denise_harper.txt
254,Priya Nand,0254_priya_nand.txt
255,Tiana Brooks,0255_tiana_brooks.txt
256,Harper Nguyen,0256_harper_nguyen.txt
257,Elena Vasquez,0257_elena_vasquez.txt
258,Tiana Brooks,0258_tiana_brooks.txt
261,Darius Monroe,0261_darius_monroe.txt
262,Marissa Cole,0262_marissa_cole.txt
263,Denise Atwood,0263_denise_atwood.txt
264,Dana Bishop,0264_dana_bishop.txt
265,Walter Griggs,0265_walter_griggs.txt
266,Nathaniel Price,0266_nathaniel_price.txt
267,Trevor Boone,0267_trevor_boone.txt
268,Benjamin Hart,0268_benjamin_hart.txt
269,Elena Park,0269_elena_park.txt
270,Calvin Brooks,0270_calvin_brooks.txt
271,Evan Richter,0271_evan_richter.txt
272,Joel Whitaker,0272_joel_whitaker.txt
273,Nicholas Hart,0273_nicholas_hart.txt
274,Julian Pierce,0274_julian_pierce.txt
275,Noah Bennett,0275_noah_bennett.txt
276,Colin Reyes,0276_colin_reyes.txt
277,Victor Mendez,0277_victor_mendez.txt
278,Marcus Dillard,0278_marcus_dillard.txt
279,Priya Hensley,0279_priya_hensley.txt
280,Ethan Mercer,0280_ethan_mercer.txt
282,Burrows,0282_burrows.txt
283,Dannie Aston,0283_dannie_aston.txt
284,Jaycee Draper,0284_jaycee_draper.txt
285,Janelle Price,0285_janelle_price.txt
286,Renee Alvarez,0286_renee_alvarez.txt
287,Russell Pike,0287_russell_pike.txt
288,Alicia Kent,0288_alicia_kent.txt
289,Brianna Florant,0289_brianna_florant.txt
290,Elise Porter,0290_elise_porter.txt
291,Lauren Patel,0291_lauren_patel.txt
292,Rebecca Sloan,0292_rebecca_sloan.txt
293,Felicia Harmon,0293_felicia_harmon.txt
294,Erin Holloway,0294_erin_holloway.txt
295,Nina Caldwell,0295_nina_caldwell.txt
297,Colin Mercer,0297_colin_mercer.txt
299,Priya Sethi,0299_priya_sethi.txt
300,Edwin Park,0300_edwin_park.txt
301,Derek Martel,0301_derek_martel.txt
302,Owen Barrett,0302_owen_barrett.txt
303,Owen Parker,0303_owen_parker.txt
304,Tyler Monroe,0304_tyler_monroe.txt
305,Brianna Soto,0305_brianna_soto.txt
306,Jordan Patel,0306_jordan_patel.txt
308,Terrence Cole,0308_terrence_cole.txt
310,Devin Holloway,0310_devin_holloway.txt
311,Derek Sloan,0311_derek_sloan.txt
312,Marcus Blevins,0312_marcus_blevins.txt
313,Caleb Turner,0313_caleb_turner.txt
315,Tessa Holloway,0315_tessa_holloway.txt
316,Trevor Sloan,0316_trevor_sloan.txt
317,Caleb Moreno,0317_caleb_moreno.txt
318,Felicia Monrony,0318_felicia_monrony.txt
319,NaomiRory,0319_naomirory.txt
320,Daniela Pruitt,0320_daniela_pruitt.txt
322,Jocelyn Price,0322_jocelyn_price.txt
323,Noah Whitaker,0323_noah_whitaker.txt
324,Hannah Reeves,0324_hannah_reeves.txt
325,Chelsea Pham,0325_chelsea_pham.txt
326,Kelsey Rowan,0326_kelsey_rowan.txt
327,Felicia Monroe,0327_felicia_monroe.txt
328,Alana Price,0328_alana_price.txt
329,Tiana Brooks,0329_tiana_brooks.txt
330,Holly Nguyen,0330_holly_nguyen.txt
331,Jocelyn Reeves,0331_jocelyn_reeves.txt
332,Elena Foster,0332_elena_foster.txt
333,Sparrow Darby,0333_sparrow_darby.txt
334,Harper Nguyen,0334_harper_nguyen.txt
335,Hannah Crowe,0335_hannah_crowe.txt
336,Samuel Ortiz,0336_samuel_ortiz.txt
338,Simon Rivas,0338_simon_rivas.txt
339,Darius Reed,0339_darius_reed.txt
340,Cedric Boone,0340_cedric_boone.txt
341,Carla Nguyen,0341_carla_nguyen.txt
342,Victor Lang,0342_victor_lang.txt
343,Derrick Boone,0343_derrick_boone.txt
344,Dominic Reeves,0344_dominic_reeves.txt
345,Owen Pierce,0345_owen_pierce.txt
347,Graham Porter,0347_graham_porter.txt
349,Owen Farley,0349_owen_farley.txt
350,Colin Mercer,0350_colin_mercer.txt
351,Sabrina Lowe,0351_sabrina_lowe.txt
352,Caleb Foster,0352_caleb_foster.txt
353,Terrence Boone,0353_terrence_boone.txt
354,Heather Sloan,0354_heather_sloan.txt
355,Camille Price,0355_camille_price.txt
356,Felicia Harmon,0356_felicia_harmon.txt
357,Melissa Grant,0357_melissa_grant.txt
358,Elaine Foster,0358_elaine_foster.txt
359,Jamal Reeves,0359_jamal_reeves.txt
364,Simone Ellis,0364_simone_ellis.txt
366,Rachel Sutter,0366_rachel_sutter.txt
367,Talia Brooks,0367_talia_brooks.txt
368,Dana Rios,0368_dana_rios.txt
369,Caleb Norris,0369_caleb_norris.txt
371,Monica Velez,0371_monica_velez.txt
372,Jordan Hammond,0372_jordan_hammond.txt
374,Jordan Pike,0374_jordan_pike.txt
375,Caleb Foster,0375_caleb_foster.txt
376,Noah Bishop,0376_noah_bishop.txt
378,Russell Avery,0378_russell_avery.txt
379,Jordan Layne,0379_jordan_layne.txt
380,Victor Sloane,0380_victor_sloane.txt
381,Caleb Sutton,0381_caleb_sutton.txt
382,Patrick Dorsey,0382_patrick_dorsey.txt
384,Owen Carlisle,0384_owen_carlisle.txt
385,Harold Kim,0385_harold_kim.txt
387,Naomi Kerr,0387_naomi_kerr.txt
388,Garrett Holloway,0388_garrett_holloway.txt
389,Janelle Brooks,0389_janelle_brooks.txt
390,Monica Reeves,0390_monica_reeves.txt
391,EmilyKerry,0391_emilykerry.txt
393,Jade Aston,0393_jade_aston.txt
394,Emily Carter,0394_emily_carter.txt
395,Silver Winslow,0395_silver_winslow.txt
396,Maya Ellison,0396_maya_ellison.txt
397,Hannah Shannon,0397_hannah_shannon.txt
398,Hannah Price,0398_hannah_price.txt
399,Emily Carter,0399_emily_carter.txt
403,Avery Collins,0403_avery_collins.txt
405,Mason Rivera,0405_mason_rivera.txt
406,Lauren Pike,0406_lauren_pike.txt
407,Lauren Briggs,0407_lauren_briggs.txt
408,Trevor Holloway,0408_trevor_holloway.txt
409,Marcus Brierley,0409_marcus_brierley.txt
410,Marcus Bell,0410_marcus_bell.txt
411,Devon Hart,0411_devon_hart.txt
412,Marcus Hill,0412_marcus_hill.txt
413,Storm Sands,0413_storm_sands.txt
414,Marcus Bell,0414_marcus_bell.txt
415,Darcy Pike,0415_darcy_pike.txt
416,Marcus Delaney,0416_marcus_delaney.txt
417,Marcus Holloway,0417_marcus_holloway.txt
418,Brian Holloway,0418_brian_holloway.txt
419,Grant Holloway,0419_grant_holloway.txt
420,Jordan Reyes,0420_jordan_reyes.txt
423,Danielle Price,0423_danielle_price.txt
424,Marcus Holloway,0424_marcus_holloway.txt
425,Isaiah Turner,0425_isaiah_turner.txt
427,Brierley Ramirez,0427_brierley_ramirez.txt
429,Kiara Bennett,0429_kiara_bennett.txt
431,Jordan Pruitt,0431_jordan_pruitt.txt
433,Alicia Velez,0433_alicia_velez.txt
434,Tasha Nguyen,0434_tasha_nguyen.txt
436,Nina Delgado,0436_nina_delgado.txt
438,Nia Patterson,0438_nia_patterson.txt
439,Nina Alvarez,0439_nina_alvarez.txt
441,Jordan Kim,0441_jordan_kim.txt
442,Tessa Moreno,0442_tessa_moreno.txt
443,Priya Henson,0443_priya_henson.txt
444,Damien Cross,0444_damien_cross.txt
447,Anthony Russo,0447_anthony_russo.txt
448,Daniel Brooks,0448_daniel_brooks.txt
449,Elena Carver,0449_elena_carver.txt
450,Tyler Gaines,0450_tyler_gaines.txt
451,Charly  Holloway,0451_charly__holloway.txt
452,Kevin Holbrook,0452_kevin_holbrook.txt
453,Steven Ramirez,0453_steven_ramirez.txt
454,Terrence Cole,0454_terrence_cole.txt
455,Terrence Boone,0455_terrence_boone.txt
456,Mason Turner,0456_mason_turner.txt
457,Tyler Brooks,0457_tyler_brooks.txt
458,Ethan Caldwell,0458_ethan_caldwell.txt
459,Priya Holloway,0459_priya_holloway.txt
460,Glenn Foster,0460_glenn_foster.txt
461,Daniel Mercer,0461_daniel_mercer.txt
462,Sabrina Lowe,0462_sabrina_lowe.txt
463,Lauren Kim,0463_lauren_kim.txt
464,D'Arcy Shearer,0464_d'arcy_shearer.txt
465,Hannah Price,0465_hannah_price.txt
466,Jasmine Foster,0466_jasmine_foster.txt
467,Devon Holloway,0467_devon_holloway.txt
468,Dana Whitmore,0468_dana_whitmore.txt
470,Brielle Sutton,0470_brielle_sutton.txt
471,Jasmine Lee,0471_jasmine_lee.txt
472,Amy Sutherland,0472_amy_sutherland.txt
473,Brooke Hanley,0473_brooke_hanley.txt
474,Celeste Brooks,0474_celeste_brooks.txt
475,Hannah Price,0475_hannah_price.txt
476,Felicia Tran,0476_felicia_tran.txt
477,Caleb Sutton,0477_caleb_sutton.txt
478,Aisha Bennett,0478_aisha_bennett.txt
479,Tessa Holloway,0479_tessa_holloway.txt
480,Nathaniel Burke,0480_nathaniel_burke.txt
481,Nathan Price,0481_nathan_price.txt
483,Caleb Mercer,0483_caleb_mercer.txt
484,Noah Ramirez,0484_noah_ramirez.txt
486,Billie Frye,0486_billie_frye.txt
487,Tyler Garrison,0487_tyler_garrison.txt
488,Cole Ramsey,0488_cole_ramsey.txt
493,Devon Reed,0493_devon_reed.txt
494,Gregory Mays,0494_gregory_mays.txt
495,Promise Lowry,0495_promise_lowry.txt
496,Caleb Strickland,0496_caleb_strickland.txt
497,Noah Patel,0497_noah_patel.txt
498,Carla Mendez,0498_carla_mendez.txt
500,Simone Alvarez,0500_simone_alvarez.txt
501,Brianna Yates,0501_brianna_yates.txt
502,Rachel Simmons,0502_rachel_simmons.txt
503,Andre Keller,0503_andre_keller.txt
505,Priya Ellison,0505_priya_ellison.txt
506,Denise Whitaker,0506_denise_whitaker.txt
507,Olivia Bennett,0507_olivia_bennett.txt
508,Priya Raman,0508_priya_raman.txt
510,Brianna Whitfield,0510_brianna_whitfield.txt
511,Sophia Nguyen,0511_sophia_nguyen.txt
512,Hannah Sorensen,0512_hannah_sorensen.txt
513,Noah Bennett,0513_noah_bennett.txt
514,Holly Reeves,0514_holly_reeves.txt
515,Monica Reyes,0515_monica_reyes.txt
516,Isaac Temple,0516_isaac_temple.txt
518,Gregory Miles,0518_gregory_miles.txt
519,Jordan Pike,0519_jordan_pike.txt
520,Tyler Jenkins,0520_tyler_jenkins.txt
522,Noah Hensley,0522_noah_hensley.txt
523,Corey Maddox,0523_corey_maddox.txt
524,Julian Mercer,0524_julian_mercer.txt
526,Caleb Foster,0526_caleb_foster.txt
528,Ethan Marshall,0528_ethan_marshall.txt
529,Jaycee Henryson,0529_jaycee_henryson.txt
531,Rachel Monroe,0531_rachel_monroe.txt
532,Jordan Hale,0532_jordan_hale.txt
533,Garrett Sloan,0533_garrett_sloan.txt
534,Jenna Whitmore,0534_jenna_whitmore.txt
535,Hannah Wells,0535_hannah_wells.txt
536,Maya Thompson,0536_maya_thompson.txt
538,Hannah Patel,0538_hannah_patel.txt
539,Caleb Dunne,0539_caleb_dunne.txt
540,Brianna Foster,0540_brianna_foster.txt
541,Nicole Abrams,0541_nicole_abrams.txt
542,Leah McCormick,0542_leah_mccormick.txt
543,Brianna Mitchell,0543_brianna_mitchell.txt
544,Sonia Patel,0544_sonia_patel.txt
547,Lauren Mitchell,0547_lauren_mitchell.txt
549,Avery Cole,0549_avery_cole.txt
550,Priyanka Das,0550_priyanka_das.txt
551,Emily Voss,0551_emily_voss.txt
552,eese Price,0552_eese_price.txt
553,Terrence Cole,0553_terrence_cole.txt
554,Russell Dean,0554_russell_dean.txt
555,Raymond Kim,0555_raymond_kim.txt
556,Kevin Walker,0556_kevin_walker.txt
558,Victor Salazar,0558_victor_salazar.txt
559,Derek Lamont,0559_derek_lamont.txt
560,Omar Ellis,0560_omar_ellis.txt
561,Harold Nguyen,0561_harold_nguyen.txt
562,Marcus Bell,0562_marcus_bell.txt
563,Colin Sutter,0563_colin_sutter.txt
564,Logan Price,0564_logan_price.txt
567,Henry Walsh,0567_henry_walsh.txt
569,Malik Donnelly,0569_malik_donnelly.txt
570,Brooke Cole,0570_brooke_cole.txt
571,Harley Cole,0571_harley_cole.txt
572,Emily Carter,0572_emily_carter.txt
574,Lauren Whitfield,0574_lauren_whitfield.txt
575,Mason Holloway,0575_mason_holloway.txt
576,Avery Collins,0576_avery_collins.txt
578,Avery Collins,0578_avery_collins.txt
580,Hannah Ortiz,0580_hannah_ortiz.txt
582,Lauren Pierce,0582_lauren_pierce.txt
583,Rylee Griffiths,0583_rylee_griffiths.txt
584,Hannah Mercer,0584_hannah_mercer.txt
585,Wren Wood,0585_wren_wood.txt
587,Emily Carter,0587_emily_carter.txt
588,Haley Bennett,0588_haley_bennett.txt
589,Julian Park,0589_julian_park.txt
590,Brian Holloway,0590_brian_holloway.txt
591,Gerry Parsons,0591_gerry_parsons.txt
594,Marcus Bennett,0594_marcus_bennett.txt
595,Trevor Haines,0595_trevor_haines.txt
596,Marcus Hale,0596_marcus_hale.txt
597,Brandon Lee,0597_brandon_lee.txt
598,Marcus Lee,0598_marcus_lee.txt
599,Darnell Hayes,0599_darnell_hayes.txt
600,Marcus Doyle,0600_marcus_doyle.txt
601,Theo Martinez,0601_theo_martinez.txt
602,Marcus Ellison,0602_marcus_ellison.txt
603,Nicky Proudfoot,0603_nicky_proudfoot.txt
604,Trevor Hines,0604_trevor_hines.txt
605,Marcus Hill,0605_marcus_hill.txt
607,FayHolloway,0607_fayholloway.txt
608,Jasmine Nguyen,0608_jasmine_nguyen.txt
609,Tiana Brooks,0609_tiana_brooks.txt
610,Jenna Morales,0610_jenna_morales.txt
613,Elaine Porter,0613_elaine_porter.txt
614,Selena Brooks,0614_selena_brooks.txt
615,Tiana Brooks,0615_tiana_brooks.txt
617,Elena Park,0617_elena_park.txt
618,Denise Holloway,0618_denise_holloway.txt
619,Aisha Bennett,0619_aisha_bennett.txt
621,Teal Travis,0621_teal_travis.txt
622,Jasmine Patel,0622_jasmine_patel.txt
623,Tania Brooks,0623_tania_brooks.txt
624,Isaac Moreno,0624_isaac_moreno.txt
625,Trevor Dawson,0625_trevor_dawson.txt
626,Caleb Foster,0626_caleb_foster.txt
627,Caleb Monroe,0627_caleb_monroe.txt
628,Peter Holloway,0628_peter_holloway.txt
629,Priya Dalton,0629_priya_dalton.txt
630,Ethan Walker,0630_ethan_walker.txt
631,Damon Ruiz,0631_damon_ruiz.txt
632,Jordan Mercer,0632_jordan_mercer.txt
633,Victor Salazar,0633_victor_salazar.txt
634,Daniel Brooks,0634_daniel_brooks.txt
636,Evan McBride,0636_evan_mcbride.txt
637,Daniel Hsu,0637_daniel_hsu.txt
638,Daniel Price,0638_daniel_price.txt
640,Marcus Ellison,0640_marcus_ellison.txt
641,Noah Bennett,0641_noah_bennett.txt
642,Renee Holloway,0642_renee_holloway.txt
643,Aaliyah Benton,0643_aaliyah_benton.txt
644,Olivia Brooks,0644_olivia_brooks.txt
645,Elena Hart,0645_elena_hart.txt
648,Sofia Ramirez,0648_sofia_ramirez.txt
649,Kendra Lowe,0649_kendra_lowe.txt
650,Dana Whitfield,0650_dana_whitfield.txt
651,Rachel Nguyen,0651_rachel_nguyen.txt
652,Chloe Bennett,0652_chloe_bennett.txt
654,Tiana Brooks,0654_tiana_brooks.txt
655,Keisha Dunn,0655_keisha_dunn.txt
656,Alicia Romero,0656_alicia_romero.txt
657,Jordan Alvarez,0657_jordan_alvarez.txt
658,Erin Caldwell,0658_erin_caldwell.txt
659,Rachel Nguyen,0659_rachel_nguyen.txt
660,Nolan Reeves,0660_nolan_reeves.txt
662,Marcus Delaney,0662_marcus_delaney.txt
663,Henry Lawson,0663_henry_lawson.txt
665,Denise Carpenter,0665_denise_carpenter.txt
666,Caleb Foster,0666_caleb_foster.txt
667,Calvin Brooks,0667_calvin_brooks.txt
670,Steven Alvarez,0670_steven_alvarez.txt
671,Caleb Mercer,0671_caleb_mercer.txt
672,Rachel Nguyen,0672_rachel_nguyen.txt
673,Owen Fletcher,0673_owen_fletcher.txt
675,Renee Holloway,0675_renee_holloway.txt
676,Noah Whitaker,0676_noah_whitaker.txt
678,Aisha Durham,0678_aisha_durham.txt
679,Felicia Monroe,0679_felicia_monroe.txt
680,Tasha Reynolds,0680_tasha_reynolds.txt
681,Brianna Ng,0681_brianna_ng.txt
682,Evelyn Park,0682_evelyn_park.txt
683,Julian Beckett,0683_julian_beckett.txt
684,Danielle Brooks,0684_danielle_brooks.txt
685,Brianna Pike,0685_brianna_pike.txt
686,Brianna Foster,0686_brianna_foster.txt
688,Jasmine Cole,0688_jasmine_cole.txt
689,Jocelyn Ramirez,0689_jocelyn_ramirez.txt
690,Caleb Sutton,0690_caleb_sutton.txt
694,Bianca Reeves,0694_bianca_reeves.txt
695,Sophia Ramirez,0695_sophia_ramirez.txt
696,Grant Wilkes,0696_grant_wilkes.txt
698,Daniel Kim,0698_daniel_kim.txt
699,Omar Reyes,0699_omar_reyes.txt
700,Nolan Reese,0700_nolan_reese.txt
701,Kendra Sloan,0701_kendra_sloan.txt
704,Trevor Nguyen,0704_trevor_nguyen.txt
705,Kevin Odom,0705_kevin_odom.txt
706,Robert Kim,0706_robert_kim.txt
707,Noah Whitfield,0707_noah_whitfield.txt
710,Jamal Whitaker,0710_jamal_whitaker.txt
711,Chloe Mercer,0711_chloe_mercer.txt
713,Jared Collins,0713_jared_collins.txt
714,Woods
  Ramirez,0714_woods
__ramirez.txt
715,Rachel Simmons,0715_rachel_simmons.txt
716,Hannah Walters,0716_hannah_walters.txt
717,Kelsey Moran,0717_kelsey_moran.txt
718,Felicia Harmon,0718_felicia_harmon.txt
719,Connor Weller,0719_connor_weller.txt
721,Sophia Duran,0721_sophia_duran.txt
723,Sabrina Holt,0723_sabrina_holt.txt
724,Emily Foster,0724_emily_foster.txt
726,Darius Cole,0726_darius_cole.txt
727,Helen Park,0727_helen_park.txt
729,Brandon Pike,0729_brandon_pike.txt
730,Tiana Brooks,0730_tiana_brooks.txt
732,Collins  Foster,0732_collins__foster.txt
735,Russell Bennett,0735_russell_bennett.txt
736,Grant Phelps,0736_grant_phelps.txt
738,Nolan Price,0738_nolan_price.txt
739,Jason Whitlock,0739_jason_whitlock.txt
740,Caleb Sutton,0740_caleb_sutton.txt
743,Hank Deluca,0743_hank_deluca.txt
744,Holly Bennett,0744_holly_bennett.txt
745,Jordan Pike,0745_jordan_pike.txt
746,Ethan Holloway,0746_ethan_holloway.txt
747,Allison Garner,0747_allison_garner.txt
749,Ethan Morales,0749_ethan_morales.txt
751,Dusty Cole,0751_dusty_cole.txt
753,Maya Ellison,0753_maya_ellison.txt
754,Avery Collins,0754_avery_collins.txt
755,Steph Hodgson,0755_steph_hodgson.txt
756,Brianna Holt,0756_brianna_holt.txt
757,Melissa Grant,0757_melissa_grant.txt
758,Hannah Pierce,0758_hannah_pierce.txt
764,Daley Winton,0764_daley_winton.txt
765,Lauren Pike,0765_lauren_pike.txt
766,Ashley Todd,0766_ashley_todd.txt
768,Clarke Whitaker,0768_clarke_whitaker.txt
770,Devin Harper,0770_devin_harper.txt
771,Daniel Pryor,0771_daniel_pryor.txt
772,Jordan Pike,0772_jordan_pike.txt
773,Tiana Brooks,0773_tiana_brooks.txt
774,Darren Kim,0774_darren_kim.txt
777,Darren Whitaker,0777_darren_whitaker.txt
778,Marcus Delaney,0778_marcus_delaney.txt
779,Terrence Holloway,0779_terrence_holloway.txt
780,Jordan Pike,0780_jordan_pike.txt
781,Marcus Ellison,0781_marcus_ellison.txt
782,Darnell Hayes,0782_darnell_hayes.txt
783,Marcus Holloway,0783_marcus_holloway.txt
785,Marcus Holloway,0785_marcus_holloway.txt
788,Elena Brooks,0788_elena_brooks.txt
790,Lena Morales,0790_lena_morales.txt
792,Elena Vargas,0792_elena_vargas.txt
793,Devin Holloway,0793_devin_holloway.txt
794,Olivia Chen,0794_olivia_chen.txt
795,Tiana Brooks,0795_tiana_brooks.txt
797,Emily Tran,0797_emily_tran.txt
800,Evelyn Park,0800_evelyn_park.txt
801,Priya Sethi,0801_priya_sethi.txt
802,Aaliyah Benton,0802_aaliyah_benton.txt
804,Caleb Morgan,0804_caleb_morgan.txt
806,Warren Pike,0806_warren_pike.txt
807,Kevin Holloway,0807_kevin_holloway.txt
808,Marcus Bennett,0808_marcus_bennett.txt
809,Simone Delgado,0809_simone_delgado.txt
810,Marcus Ellison,0810_marcus_ellison.txt
811,Waldroup Shah,0811_waldroup_shah.txt
812,Tyler Boone,0812_tyler_boone.txt
813,Nicholas Reeves,0813_nicholas_reeves.txt
814,Derek Pruitt,0814_derek_pruitt.txt
815,Jordan Pike,0815_jordan_pike.txt
816,Marcus Leong,0816_marcus_leong.txt
817,Devin Hart,0817_devin_hart.txt
818,Robert Medina,0818_robert_medina.txt
821,Jordan Patel,0821_jordan_patel.txt
822,Elena Ramirez,0822_elena_ramirez.txt
823,Jewell Brooks,0823_jewell_brooks.txt
824,Priya Nair,0824_priya_nair.txt
825,Alyssa Benton,0825_alyssa_benton.txt
826,Priya Hart,0826_priya_hart.txt
828,Kayla Mercer,0828_kayla_mercer.txt
829,Robert Chen,0829_robert_chen.txt
830,Renee Whitaker,0830_renee_whitaker.txt
831,Felicia Harmon,0831_felicia_harmon.txt
832,Elise Barrett,0832_elise_barrett.txt
833,Sabrina Lowell,0833_sabrina_lowell.txt
836,Talia Nguyen,0836_talia_nguyen.txt
838,Priya Nand,0838_priya_nand.txt
839,Brianna Cole,0839_brianna_cole.txt
840,Owen Fletcher,0840_owen_fletcher.txt
842,Trevor Malone,0842_trevor_malone.txt
843,Marcus Vale,0843_marcus_vale.txt
844,Ethan Reeves,0844_ethan_reeves.txt
845,Harold Greene,0845_harold_greene.txt
846,Travis Boone,0846_travis_boone.txt
848,DeShawn Cole,0848_deshawn_cole.txt
851,Damian Ruiz,0851_damian_ruiz.txt
852,Ethan Bowers,0852_ethan_bowers.txt
854,Jonah Whitaker,0854_jonah_whitaker.txt
855,Owen Rivas,0855_owen_rivas.txt
856,Nolan Pierce,0856_nolan_pierce.txt
857,Ethan Mercer,0857_ethan_mercer.txt
858,Scottie Sethi,0858_scottie_sethi.txt
859,Tasha Greene,0859_tasha_greene.txt
860,Allison Kerr,0860_allison_kerr.txt
861,Erin Callow,0861_erin_callow.txt
863,Priya Nair,0863_priya_nair.txt
865,Xavier Morales,0865_xavier_morales.txt
866,Erica Sutton,0866_erica_sutton.txt
867,Rachel Kim,0867_rachel_kim.txt
868,Sofia Nguyen,0868_sofia_nguyen.txt
869,Kelsey Morgan,0869_kelsey_morgan.txt
870,Felicia Nguyen,0870_felicia_nguyen.txt
871,Jasmine Porter,0871_jasmine_porter.txt
872,Priya Sethi,0872_priya_sethi.txt
873,Tessa Nguyen,0873_tessa_nguyen.txt
874,Elena Russo,0874_elena_russo.txt
875,Lorin Beck,0875_lorin_beck.txt
876,Lucas Bennett,0876_lucas_bennett.txt
877,Gregory Dunn,0877_gregory_dunn.txt
878,Miguel Santos,0878_miguel_santos.txt
879,Noah Griggs,0879_noah_griggs.txt
880,Caleb Sutton,0880_caleb_sutton.txt
881,Dezi Paget,0881_dezi_paget.txt
882,Omar Reeves,0882_omar_reeves.txt
883,Elena Waldroup,0883_elena_waldroup.txt
884,Jonah Mercer,0884_jonah_mercer.txt
886,Jordan Keane,0886_jordan_keane.txt
888,Tyler McAdams,0888_tyler_mcadams.txt
890,Chase Holloway,0890_chase_holloway.txt
891,Sage Penn,0891_sage_penn.txt
892,Darius Vaughn,0892_darius_vaughn.txt
893,Caleb Foster,0893_caleb_foster.txt
895,Kiara Bennett,0895_kiara_bennett.txt
896,Dana Whitfield,0896_dana_whitfield.txt
897,Sabrina Flores,0897_sabrina_flores.txt
898,Hailey Brooks,0898_hailey_brooks.txt
899,Monica Salazar,0899_monica_salazar.txt
900,Sophie Landry,0900_sophie_landry.txt
901,Caleb Turner,0901_caleb_turner.txt
902,Sofia Delgado,0902_sofia_delgado.txt
903,Sofia Delgado,0903_sofia_delgado.txt
904,Claire Donahue,0904_claire_donahue.txt
905,Alyssa Greene,0905_alyssa_greene.txt
907,Hannah Cho,0907_hannah_cho.txt
909,Emily Carver,0909_emily_carver.txt
910,Hannah Byrd,0910_hannah_byrd.txt
911,Hannah Brooks,0911_hannah_brooks.txt
913,Samuel Ortega,0913_samuel_ortega.txt
914,Blake Turner,0914_blake_turner.txt
917,Quentin Rios,0917_quentin_rios.txt
918,Hector Salazar,0918_hector_salazar.txt
919,Denise Wilcox,0919_denise_wilcox.txt
920,Grant Hollis,0920_grant_hollis.txt
921,Caleb Foster,0921_caleb_foster.txt
922,Evan Rosario,0922_evan_rosario.txt
923,Colin Mercer,0923_colin_mercer.txt
924,Damien Price,0924_damien_price.txt
927,Javier Solis,0927_javier_solis.txt
928,Caleb Moreno,0928_caleb_moreno.txt
929,Adrian Wells,0929_adrian_wells.txt
930,Casey Cole,0930_casey_cole.txt
931,Paige Cole,0931_paige_cole.txt
932,Romey Talbot,0932_romey_talbot.txt
933,Marissa Cole,0933_marissa_cole.txt
934,Marissa Doyle,0934_marissa_doyle.txt
936,Bryn Dwight,0936_bryn_dwight.txt
937,Artie Mercer,0937_artie_mercer.txt
939,Marissa Cole,0939_marissa_cole.txt
940,Melissa Carter,0940_melissa_carter.txt
942,Allison Reed,0942_allison_reed.txt
943,Lauren Pierce,0943_lauren_pierce.txt
946,Hannah Mercer,0946_hannah_mercer.txt
947,Maya Ellison,0947_maya_ellison.txt
948,Trevor Baines,0948_trevor_baines.txt
949,Owen Ramirez,0949_owen_ramirez.txt
950,Terrence Boone,0950_terrence_boone.txt
952,Kevin Rutledge,0952_kevin_rutledge.txt
953,Warren Bishop,0953_warren_bishop.txt
954,Calvin Reyes,0954_calvin_reyes.txt
956,Daniel Pierce,0956_daniel_pierce.txt
957,Devin Hart,0957_devin_hart.txt
959,Marcus Ellison,0959_marcus_ellison.txt
960,Marcus Bell,0960_marcus_bell.txt
961,Marcus Delaney,0961_marcus_delaney.txt
962,Jordan Pike,0962_jordan_pike.txt
963,Alana Brooks,0963_alana_brooks.txt
964,Marcus Lee,0964_marcus_lee.txt
965,Jordan Pike,0965_jordan_pike.txt
966,Eason Holloway,0966_eason_holloway.txt
967,Kiara Benton,0967_kiara_benton.txt
969,Romilly Lincoln,0969_romilly_lincoln.txt
970,Alyssa Benton,0970_alyssa_benton.txt
974,Priya Nand,0974_priya_nand.txt
975,Aisha Bennett,0975_aisha_bennett.txt
976,Tiana Brooks,0976_tiana_brooks.txt
977,Erica Nguyen,0977_erica_nguyen.txt
978,Priya Nair,0978_priya_nair.txt
979,Stacey Sudworth,0979_stacey_sudworth.txt
982,Aaliyah Brooks,0982_aaliyah_brooks.txt
983,Elena Bowers,0983_elena_bowers.txt
984,Omar Whitfield,0984_omar_whitfield.txt
985,Travis Whitman,0985_travis_whitman.txt
986,Jordan Whitaker,0986_jordan_whitaker.txt
987,Derek Holloway,0987_derek_holloway.txt
988,Daniel Mercer,0988_daniel_mercer.txt
989,Elena Park,0989_elena_park.txt
990,Devin Hart,0990_devin_hart.txt
991,Trevor Pike,0991_trevor_pike.txt
992,Travis McKee,0992_travis_mckee.txt
993,Trevor McNeil,0993_trevor_mcneil.txt
995,Dylan Carter,0995_dylan_carter.txt
996,Trevor McCoy,0996_trevor_mccoy.txt
997,Trevor Kim,0997_trevor_kim.txt
998,Derek Holloway,0998_derek_holloway.txt
999,Renee Hollis,0999_renee_hollis.txt
1001,Marcus Hale,1001_marcus_hale.txt
1002,Lila Fernandez,1002_lila_fernandez.txt
1003,Dana Leung,1003_dana_leung.txt
1004,Nina Alvarez,1004_nina_alvarez.txt
1005,Natalie Pierce,1005_natalie_pierce.txt
1006,Priya Holloway,1006_priya_holloway.txt
1008,Brianna Soto,1008_brianna_soto.txt
1009,Eliza Rowan,1009_eliza_rowan.txt
1010,Lauren Kim,1010_lauren_kim.txt
1011,Elena Rios,1011_elena_rios.txt
1012,Brooke Simmons,1012_brooke_simmons.txt
1013,Linda Morales,1013_linda_morales.txt
1014,Dana Holloway,1014_dana_holloway.txt
1016,Natalie Wu,1016_natalie_wu.txt
1017,Jewell Meyer,1017_jewell_meyer.txt
1018,Priya Donnelly,1018_priya_donnelly.txt
1020,Jason McBride,1020_jason_mcbride.txt
1021,Felix Harper,1021_felix_harper.txt
1022,Derrick Holloway,1022_derrick_holloway.txt
1023,Leonard Wu,1023_leonard_wu.txt
1024,Trevor McCall,1024_trevor_mccall.txt
1025,Brianna Solis,1025_brianna_solis.txt
1026,Jordan Pike,1026_jordan_pike.txt
1028,Omar Velasquez,1028_omar_velasquez.txt
1029,Jordan Pike,1029_jordan_pike.txt
1030,Marcus Holloway,1030_marcus_holloway.txt
1031,Trevor Boone,1031_trevor_boone.txt
1032,Jordan Pike,1032_jordan_pike.txt
1033,Daniel Russo,1033_daniel_russo.txt
1034,Luis Herrera,1034_luis_herrera.txt
1036,Trevor Collins,1036_trevor_collins.txt
1037,Colin Mercer,1037_colin_mercer.txt
1038,Erica Vaughn,1038_erica_vaughn.txt
1039,Nina Salazar,1039_nina_salazar.txt
1040,Audrey Benson,1040_audrey_benson.txt
1041,Jasmine Ortega,1041_jasmine_ortega.txt
1043,Noah Wexler,1043_noah_wexler.txt
1047,Simone Keating,1047_simone_keating.txt
1048,Renee Patel,1048_renee_patel.txt
1049,Simone Avery,1049_simone_avery.txt
1050,Felicia Dunn,1050_felicia_dunn.txt
1051,Holly Ramirez,1051_holly_ramirez.txt
1052,Erin McCall,1052_erin_mccall.txt
1053,Trevor Lang,1053_trevor_lang.txt
1054,Isabel Grant,1054_isabel_grant.txt
1055,Aisha Crowe,1055_aisha_crowe.txt
1057,Harold Greene,1057_harold_greene.txt
1058,Malik Foster,1058_malik_foster.txt
1059,Bryce Landon,1059_bryce_landon.txt
1060,Noah Pritchard,1060_noah_pritchard.txt
1062,Mason Whitaker,1062_mason_whitaker.txt
1063,Colin Reeves,1063_colin_reeves.txt
1064,Caleb Rourke,1064_caleb_rourke.txt
1065,Caleb Norris,1065_caleb_norris.txt
1066,Evan McBride,1066_evan_mcbride.txt
1068,Ethan Salazar,1068_ethan_salazar.txt
1069,Owen Barrett,1069_owen_barrett.txt
1070,Keon Baxter,1070_keon_baxter.txt
1071,Denise Carver,1071_denise_carver.txt
1072,Wyatt Jenkins,1072_wyatt_jenkins.txt
1073,Brent Saylor,1073_brent_saylor.txt
1074,Camille Price,1074_camille_price.txt
1075,Alana Brooks,1075_alana_brooks.txt
1076,Claire Donnelly,1076_claire_donnelly.txt
1077,Felicia Boone,1077_felicia_boone.txt
1078,Sierra Lang,1078_sierra_lang.txt
1079,Caleb Rowan,1079_caleb_rowan.txt
1080,Kiara Bennett,1080_kiara_bennett.txt
1082,Jasmine Ford,1082_jasmine_ford.txt
1083,Hannah Wu,1083_hannah_wu.txt
1086,Monica Hale,1086_monica_hale.txt
1087,Jasmine Cole,1087_jasmine_cole.txt
1088,Priya Nand,1088_priya_nand.txt
1089,Omar Reeves,1089_omar_reeves.txt
1090,Simone Alvarez,1090_simone_alvarez.txt
1091,Naomi Fischer,1091_naomi_fischer.txt
1093,Bryce Holloway,1093_bryce_holloway.txt
1094,Wesley Hart,1094_wesley_hart.txt
1095,Trevor Nash,1095_trevor_nash.txt
1096,Harrison Pike,1096_harrison_pike.txt
1098,Russell Boone,1098_russell_boone.txt
1099,Jerome Whitaker,1099_jerome_whitaker.txt
1100,Eric Donnelly,1100_eric_donnelly.txt
1101,Marcus Dillard,1101_marcus_dillard.txt
1102,Jerome Walker,1102_jerome_walker.txt
1103,Kevin Holloway,1103_kevin_holloway.txt
1104,Caleb Winters,1104_caleb_winters.txt
1105,Samuel Hart,1105_samuel_hart.txt
1106,Claire Donnelly,1106_claire_donnelly.txt
1107,Hannah Price,1107_hannah_price.txt
1108,Seven Beck,1108_seven_beck.txt
1109,Derek Lawson,1109_derek_lawson.txt
1111,Tessa Morgan,1111_tessa_morgan.txt
1112,Alex Thurstan,1112_alex_thurstan.txt
1113,Merit Garrett,1113_merit_garrett.txt
1114,Marissa Holt,1114_marissa_holt.txt
1115,Jordan Blevins,1115_jordan_blevins.txt
1116,Joyce Manning,1116_joyce_manning.txt
1117,Maya Cameron,1117_maya_cameron.txt
1119,Alyssa Moreno,1119_alyssa_moreno.txt
1120,Marissa Cole,1120_marissa_cole.txt
1121,Marissa Cole,1121_marissa_cole.txt
1123,Natalie Brooks,1123_natalie_brooks.txt
1124,Shanon Chadwick,1124_shanon_chadwick.txt
1125,Maya Henson,1125_maya_henson.txt
1127,Marissa Cole,1127_marissa_cole.txt
1128,Darius Bennett,1128_darius_bennett.txt
1130,Darren Pike,1130_darren_pike.txt
1131,Daniel Pierce,1131_daniel_pierce.txt
1132,Connor Reyes,1132_connor_reyes.txt
1133,Savannah Cole,1133_savannah_cole.txt
1134,Devin Harper,1134_devin_harper.txt
1135,Quinn Pike,1135_quinn_pike.txt
1136,Marcus Nguyen,1136_marcus_nguyen.txt
1137,Devin Calloway,1137_devin_calloway.txt
1138,Kevin Ramirez,1138_kevin_ramirez.txt
1139,Trevor Hines,1139_trevor_hines.txt
1140,Devin Morales,1140_devin_morales.txt
1141,Marcus Henson,1141_marcus_henson.txt
1143,Daniel Mercer,1143_daniel_mercer.txt
1144,Marcus Bell,1144_marcus_bell.txt
1145,Evan Whitaker,1145_evan_whitaker.txt
1147,Alyssa Chen,1147_alyssa_chen.txt
1148,Reese Tatton,1148_reese_tatton.txt
1149,Kiara Benson,1149_kiara_benson.txt
1150,Elise Brennan,1150_elise_brennan.txt
1151,Lauren Pike,1151_lauren_pike.txt
1152,Priya Sandoval,1152_priya_sandoval.txt
1153,Elena Hart,1153_elena_hart.txt
1154,Sofia Ramirez,1154_sofia_ramirez.txt
1155,Priya Bhandari,1155_priya_bhandari.txt
1156,Alyssa Nguyen,1156_alyssa_nguyen.txt
1157,Aaliyah Benton,1157_aaliyah_benton.txt
1158,Priya Rutledge,1158_priya_rutledge.txt
1161,Serena Patel,1161_serena_patel.txt
1162,Aaliyah Foster,1162_aaliyah_foster.txt
1163,Tiana Brooks,1163_tiana_brooks.txt
1164,Trevor Hines,1164_trevor_hines.txt
1165,Devon Price,1165_devon_price.txt
1167,Val Fisher,1167_val_fisher.txt
1168,Terrence Wallace,1168_terrence_wallace.txt
1169,Marcus Dillard,1169_marcus_dillard.txt
1170,Logan Pierce,1170_logan_pierce.txt
1171,Christopher Dune,1171_christopher_dune.txt
1172,Daniel Brooks,1172_daniel_brooks.txt
1173,Martin Holbrook,1173_martin_holbrook.txt
1174,Trevor Bishop,1174_trevor_bishop.txt
1176,Michael Hanley,1176_michael_hanley.txt
1178,Daniel Mercer,1178_daniel_mercer.txt
1179,Trevor Walsh,1179_trevor_walsh.txt
1180,Tyler Jennings,1180_tyler_jennings.txt
1181,Lucas Garner,1181_lucas_garner.txt
1182,Rowe Nair,1182_rowe_nair.txt
1184,Elena Foster,1184_elena_foster.txt
1185,Elise Romero,1185_elise_romero.txt
1186,Priya Shah,1186_priya_shah.txt
1187,Emily Hart,1187_emily_hart.txt
1188,Renee Walsh,1188_renee_walsh.txt
1190,Rachel Patel,1190_rachel_patel.txt
1191,Chelsea Nguyen,1191_chelsea_nguyen.txt
1192,Jasmine Patel,1192_jasmine_patel.txt
1194,Erica Sloan,1194_erica_sloan.txt
1195,Elise Moreno,1195_elise_moreno.txt
1197,Aaliyah Brooks,1197_aaliyah_brooks.txt
1198,Priya Nair,1198_priya_nair.txt
1199,Hannah Price,1199_hannah_price.txt
1200,Nolan Pierce,1200_nolan_pierce.txt
1201,Harold Bennett,1201_harold_bennett.txt
1202,Byron Hale,1202_byron_hale.txt
1203,Brandon Keller,1203_brandon_keller.txt
1204,Raine Parks,1204_raine_parks.txt
1205,Daniel Brewer,1205_daniel_brewer.txt
1206,Caleb Monroe,1206_caleb_monroe.txt
1207,Daniel Smedley,1207_daniel_smedley.txt
1208,Trevor Simmons,1208_trevor_simmons.txt
1210,Leonard Price,1210_leonard_price.txt
1212,Thomas Greer,1212_thomas_greer.txt
1213,Jordan Kim,1213_jordan_kim.txt
1215,Owen Carver,1215_owen_carver.txt
1216,Calvin Brooks,1216_calvin_brooks.txt
1219,Jordan Whitaker,1219_jordan_whitaker.txt
1220,Nia Holloway,1220_nia_holloway.txt
1221,Nadia Fuller,1221_nadia_fuller.txt
1222,Felicia Owens,1222_felicia_owens.txt
1223,Priya Menon,1223_priya_menon.txt
1224,Elise Tran,1224_elise_tran.txt
1225,Alyssa Monroe,1225_alyssa_monroe.txt
1226,Jasmine Lee,1226_jasmine_lee.txt
1227,Brooke Salazar,1227_brooke_salazar.txt
1228,Tiana Brooks,1228_tiana_brooks.txt
1229,Jenna Whitaker,1229_jenna_whitaker.txt
1232,Holly Reeves,1232_holly_reeves.txt
1234,Sierra Dalton,1234_sierra_dalton.txt
1235,Claire Donnelly,1235_claire_donnelly.txt
1236,Brandon Wu,1236_brandon_wu.txt
1237,Camille Foster,1237_camille_foster.txt
1238,Owen Mercer,1238_owen_mercer.txt
1239,Owen Bartlett,1239_owen_bartlett.txt
1240,Owen Kirkpatrick,1240_owen_kirkpatrick.txt
1241,Trevor Sloan,1241_trevor_sloan.txt
1243,Marcus Velez,1243_marcus_velez.txt
1244,Kevin Murphy,1244_kevin_murphy.txt
1246,Owen Harper,1246_owen_harper.txt
1248,Jordan Blevins,1248_jordan_blevins.txt
1249,Andre Willis,1249_andre_willis.txt
1250,Stevie Brierley,1250_stevie_brierley.txt
1251,Carlos Whitaker,1251_carlos_whitaker.txt
1252,Ethan Cole,1252_ethan_cole.txt
1253,Owen Kessler,1253_owen_kessler.txt
1254,Tasha Greene,1254_tasha_greene.txt
1255,Omar Sheikh,1255_omar_sheikh.txt
1256,Paige Donnelly,1256_paige_donnelly.txt
1257,Hannah Whitaker,1257_hannah_whitaker.txt
1258,Sabrina Leung,1258_sabrina_leung.txt
1260,Nina Beckett,1260_nina_beckett.txt
1261,Heather Boyle,1261_heather_boyle.txt
1262,Olivia Bennett,1262_olivia_bennett.txt
1263,Dana Whitaker,1263_dana_whitaker.txt
1264,Sabrina Morales,1264_sabrina_morales.txt
1266,Felicia Warren,1266_felicia_warren.txt
1269,Carey Roy,1269_carey_roy.txt
1270,Nicole Ramirez,1270_nicole_ramirez.txt
1271,Naomi Fletcher,1271_naomi_fletcher.txt
1273,Arden Cole,1273_arden_cole.txt
1275,Caleb Morgan,1275_caleb_morgan.txt
1276,Teddie Cokes,1276_teddie_cokes.txt
1280,Harold Jenkins,1280_harold_jenkins.txt
1281,Terrence Boone,1281_terrence_boone.txt
1282,Harold Kent,1282_harold_kent.txt
1283,Wyatt Brooks,1283_wyatt_brooks.txt
1285,Victor Salazar,1285_victor_salazar.txt
1286,Noah Whitaker,1286_noah_whitaker.txt
1287,Jordan Pike,1287_jordan_pike.txt
1288,Brandon Lee,1288_brandon_lee.txt
1289,Felix Moran,1289_felix_moran.txt
1290,Lauren Bishop,1290_lauren_bishop.txt
1291,Natalie Brewer,1291_natalie_brewer.txt
1292,Marissa Cole,1292_marissa_cole.txt
1294,Celestine Wray,1294_celestine_wray.txt
1295,Allison Kerr,1295_allison_kerr.txt
1296,Marissa Cole,1296_marissa_cole.txt
1297,Mason Kelley,1297_mason_kelley.txt
1299,Maya Collins,1299_maya_collins.txt
1300,Marissa Cole,1300_marissa_cole.txt
1304,Emily Carter,1304_emily_carter.txt
1305,Mason Whitaker,1305_mason_whitaker.txt
1307,Carol Matthewson,1307_carol_matthewson.txt
1308,Derrick Holt,1308_derrick_holt.txt
1309,Marcus Rennoll,1309_marcus_rennoll.txt
1310,Meade Salmon,1310_meade_salmon.txt
1312,Trevor Boone,1312_trevor_boone.txt
1313,Cedric Boone,1313_cedric_boone.txt
1315,Alina Brooks,1315_alina_brooks.txt
1316,Brandon Lee,1316_brandon_lee.txt
1317,Daniel Reeves,1317_daniel_reeves.txt
1318,Daniel Mercer,1318_daniel_mercer.txt
1319,Darnell Price,1319_darnell_price.txt
1320,Marcus Bell,1320_marcus_bell.txt
1321,Darnell Price,1321_darnell_price.txt
1323,Elena Brooks,1323_elena_brooks.txt
1325,Lennon Edgar,1325_lennon_edgar.txt
1326,Priscilla Vega,1326_priscilla_vega.txt
1327,Erin McCall,1327_erin_mccall.txt
1328,Elena Vargas,1328_elena_vargas.txt
1329,Brianna Sloane,1329_brianna_sloane.txt
1330,Dana Kim,1330_dana_kim.txt
1332,Kiara Benson,1332_kiara_benson.txt
1333,Trevor Singh,1333_trevor_singh.txt
1334,Tasha McMillan,1334_tasha_mcmillan.txt
1335,Serena Patel,1335_serena_patel.txt
1336,Tasha Nguyen,1336_tasha_nguyen.txt
1338,Talia Nguyen,1338_talia_nguyen.txt
1339,Elena Hart,1339_elena_hart.txt
1341,Jordan Patel,1341_jordan_patel.txt
1342,Elena Park,1342_elena_park.txt
1344,Caleb Nguyen,1344_caleb_nguyen.txt
1345,Gerry Pike,1345_gerry_pike.txt
1346,Tyler McKenna,1346_tyler_mckenna.txt
1347,Gregory Boone,1347_gregory_boone.txt
1348,Lionel Perez,1348_lionel_perez.txt
1349,Elena Brookes,1349_elena_brookes.txt
1350,Brent Holloway,1350_brent_holloway.txt
1351,Serena Holloway,1351_serena_holloway.txt
1352,Derek Holloway,1352_derek_holloway.txt
1353,Connor Whitfield,1353_connor_whitfield.txt
1354,Brett Holloway,1354_brett_holloway.txt
1355,Lucas Bennett,1355_lucas_bennett.txt
1356,Jordan Alvarez,1356_jordan_alvarez.txt
1357,Owen Mercer,1357_owen_mercer.txt
1359,Rachel Kim,1359_rachel_kim.txt
1360,Raymond Ortiz,1360_raymond_ortiz.txt
1361,Trevor Lin,1361_trevor_lin.txt
1362,Monica Yates,1362_monica_yates.txt
1363,Alicia Dunn,1363_alicia_dunn.txt
1364,Kiara Benson,1364_kiara_benson.txt
1365,Emily Varela,1365_emily_varela.txt
1366,Kayla Bishop,1366_kayla_bishop.txt
1370,Priya Nair,1370_priya_nair.txt
1371,Alana Brooks,1371_alana_brooks.txt
1372,Keisha Bowman,1372_keisha_bowman.txt
1373,Priya Nair,1373_priya_nair.txt
1374,Denise Carter,1374_denise_carter.txt
1375,Priyanka Shah,1375_priyanka_shah.txt
1376,Hannah Pierce,1376_hannah_pierce.txt
1377,Caleb Monroe,1377_caleb_monroe.txt
1379,Sofia Ramirez,1379_sofia_ramirez.txt
1380,Anthony Mercer,1380_anthony_mercer.txt
1383,Dana Whitaker,1383_dana_whitaker.txt
1384,Owen Mercer,1384_owen_mercer.txt
1385,Brianna Pike,1385_brianna_pike.txt
1387,Dana Whitmore,1387_dana_whitmore.txt
1388,Miguel Santos,1388_miguel_santos.txt
1390,Owen Delaney,1390_owen_delaney.txt
1391,Trevor Hale,1391_trevor_hale.txt
1393,Caleb Monroe,1393_caleb_monroe.txt
1394,Luis Ramirez,1394_luis_ramirez.txt
1395,Talia Nguyen,1395_talia_nguyen.txt
1396,Daniel Mercer,1396_daniel_mercer.txt
1397,Owen Patel,1397_owen_patel.txt
1398,Renee Holloway,1398_renee_holloway.txt
1399,Simone Alvarez,1399_simone_alvarez.txt
1401,Kevin Raines,1401_kevin_raines.txt
1402,Felicia Ramos,1402_felicia_ramos.txt
1403,Calvin Mercer,1403_calvin_mercer.txt
1404,Tessa Monroe,1404_tessa_monroe.txt
1406,Colleen Barker,1406_colleen_barker.txt
1407,Kiara Gomez,1407_kiara_gomez.txt
1408,Alyssa Finch,1408_alyssa_finch.txt
1409,Felicia Warren,1409_felicia_warren.txt
1410,Alicia Ford,1410_alicia_ford.txt
1411,Nina Bowers,1411_nina_bowers.txt
1412,Natalie Foster,1412_natalie_foster.txt
1413,Owen Ramirez,1413_owen_ramirez.txt
1415,Erica Vaughn,1415_erica_vaughn.txt
1416,Trevor Mullins,1416_trevor_mullins.txt
1417,Campbell Barrett,1417_campbell_barrett.txt
1418,Gabriel Sutton,1418_gabriel_sutton.txt
1419,Sofia Lambert,1419_sofia_lambert.txt
1420,Bryce Delaney,1420_bryce_delaney.txt
1421,Talia Reeves,1421_talia_reeves.txt
1422,Omar Gallegos,1422_omar_gallegos.txt
1424,Ethan Caldwell,1424_ethan_caldwell.txt
1425,Ethan Holloway,1425_ethan_holloway.txt
1426,Hector Ruiz,1426_hector_ruiz.txt
1427,Omar Jacobs,1427_omar_jacobs.txt
1428,Omar Whitfield,1428_omar_whitfield.txt
1430,Jordan Lee,1430_jordan_lee.txt
1431,Brianna Cole,1431_brianna_cole.txt
1432,Marcus Leung,1432_marcus_leung.txt
1433,Noah Whitaker,1433_noah_whitaker.txt
1434,Felicia Boone,1434_felicia_boone.txt
1437,Trevor McNeil,1437_trevor_mcneil.txt
1438,Nina Choudhury,1438_nina_choudhury.txt
1439,Dominic Hale,1439_dominic_hale.txt
1440,Alana Reese,1440_alana_reese.txt
1441,Priya Thornton,1441_priya_thornton.txt
1442,Renee Foster,1442_renee_foster.txt
1443,Priya Nair,1443_priya_nair.txt
1444,Simone Hart,1444_simone_hart.txt
1445,Hannah Pierce,1445_hannah_pierce.txt
1446,Erica Sloan,1446_erica_sloan.txt
1447,Lauren Kim,1447_lauren_kim.txt
1449,Derek Holloway,1449_derek_holloway.txt
1450,Holly Brennan,1450_holly_brennan.txt
1451,Hannah Pierce,1451_hannah_pierce.txt
1452,Jamison Reed,1452_jamison_reed.txt
1453,Caleb Mercer,1453_caleb_mercer.txt
1455,Rachel Kim,1455_rachel_kim.txt
1456,Harold Wynn,1456_harold_wynn.txt
1457,Kendra Salinas,1457_kendra_salinas.txt
1458,Nolan Briggs,1458_nolan_briggs.txt
1459,Regan  Delaney,1459_regan__delaney.txt
1460,Jordan Pike,1460_jordan_pike.txt
1461,Marcus Hale,1461_marcus_hale.txt
1462,Caleb Monroe,1462_caleb_monroe.txt
1463,Caleb Foster,1463_caleb_foster.txt
1464,Leonard Brooks,1464_leonard_brooks.txt
1465,Terrence Holloway,1465_terrence_holloway.txt
1466,Trevor Mills,1466_trevor_mills.txt
1467,Sofia Bennett,1467_sofia_bennett.txt
1468,Jerome Whitaker,1468_jerome_whitaker.txt
1469,Miles Gentry,1469_miles_gentry.txt
1471,Lauren Scrivens,1471_lauren_scrivens.txt
1472,Lauren McCabe,1472_lauren_mccabe.txt
1473,Marissa Holt,1473_marissa_holt.txt
1475,Harrison Cole,1475_harrison_cole.txt
1476,Lauren Pike,1476_lauren_pike.txt
1477,Marissa Cameron,1477_marissa_cameron.txt
1478,Marissa Cole,1478_marissa_cole.txt
1480,Marissa Cole,1480_marissa_cole.txt
1481,Marissa Doyle,1481_marissa_doyle.txt
1482,Hannah Price,1482_hannah_price.txt
1484,Addison Ryland,1484_addison_ryland.txt
1485,Mason Holloway,1485_mason_holloway.txt
1486,Emily Carter,1486_emily_carter.txt
1487,Kasey Geary,1487_kasey_geary.txt
1489,Marcus Holloway,1489_marcus_holloway.txt
1490,Darnell Price,1490_darnell_price.txt
1491,Trevor Gaines,1491_trevor_gaines.txt
1492,Devon Hart,1492_devon_hart.txt
1494,Marcus Ellison,1494_marcus_ellison.txt
1496,Jordan Pike,1496_jordan_pike.txt
1497,Marcus Lee,1497_marcus_lee.txt
1498,Julian Mercer,1498_julian_mercer.txt
1499,Terrence Hall,1499_terrence_hall.txt
1500,Marcus Ellison,1500_marcus_ellison.txt
1501,Darius Cole,1501_darius_cole.txt
1504,Marcus Nguyen,1504_marcus_nguyen.txt
1505,Nolan Reeves,1505_nolan_reeves.txt
1506,Melissa Romero,1506_melissa_romero.txt
1507,Nina Alvarez,1507_nina_alvarez.txt
1508,Priya Holloway,1508_priya_holloway.txt
1509,Priya Sethi,1509_priya_sethi.txt
1510,Celia Mendez,1510_celia_mendez.txt
1511,Mason Keeler,1511_mason_keeler.txt
1512,Priya Donnelly,1512_priya_donnelly.txt
1513,Denise Wheeler,1513_denise_wheeler.txt
1514,Elena Brooks,1514_elena_brooks.txt
1515,Elena Brooks,1515_elena_brooks.txt
1516,Erica Vaughn,1516_erica_vaughn.txt
1517,Elena Park,1517_elena_park.txt
1519,Emily Hart,1519_emily_hart.txt
1521,Cameron Ruiz,1521_cameron_ruiz.txt
1523,Denise Holloway,1523_denise_holloway.txt
1524,Frankie Lee,1524_frankie_lee.txt
1525,Devin Mercer,1525_devin_mercer.txt
1526,Victor Salazar,1526_victor_salazar.txt
1527,Damon Pierce,1527_damon_pierce.txt
1529,Priya Alston,1529_priya_alston.txt
1532,Marcus Reed,1532_marcus_reed.txt
1533,Aaron Whitfield,1533_aaron_whitfield.txt
1534,Owen Hartley,1534_owen_hartley.txt
