,"Delivery Date
(MM/DD/YYYY)",File,ID QA,QA Status,Note,participant,Script,age,gender,country,occupation,Primary category,Secondary category,topics of interest,application used,OS,device info,"Creation Date
(YYYY.MM.DD)"
744,2026.03.26,en_US_Screenshot_Contact_0062,HungLD,Accept,,James Carter,"James: Good morning Sarah, could you please provide the updated contact details for the new vendor?
Sarah: Good morning James. Yes, I have their information right here.
James: Great, please send over the phone number and email address when you have a moment.
Sarah: Their direct line is +1 312 559 8214.
Sarah: And the email for their lead representative is michael.davis.corp@gmail.com.
James: Thank you. Do we also have a billing address for them?
Sarah: Yes, it is 405 W Madison St, Chicago, IL 60606.
James: Perfect, I will update the CRM now. Have a good day.",34,Male,en_US,Sales Manager,contact,,,iMessage,iOS 17,iPhone 15 Pro Max,2022.09.04
745,2026.03.26,en_US_Screenshot_Contact_0063,HungLD,Accept,,Emily Chen,"Emily: dude my sink is leaking everywhere 😭 do you still have that plumber's number?
Mark: oh man that sucks! yeah i have his info hold on
Emily: please hurry my kitchen is a swamp
Mark: his name is joe, number is +1 206 738 4921
Emily: lifesaver 🙏 does he have an email too just in case i need to send pics of the pipe?
Mark: yeah shoot it to fixit.joe99@gmail.com
Emily: emailing him right now. thanks a million!
Mark: np hope he gets there quick!",26,Female,en_US,Graphic Designer,contact,,,iMessage,iOS 15,iPhone SE,2021.06.25
746,2026.03.26,en_US_Screenshot_Contact_0064,HungLD,Accept,,Robert Miller,"Robert: Good afternoon Linda, I am following up on the property viewing scheduled for tomorrow.
Linda: Good afternoon Robert. Yes, we are still on for 2 PM, correct?
Robert: That is correct. I want to share the exact address and my associate's contact info just in case.
Robert: The address is 1724 Ocean Drive, Miami Beach, FL 33139.
Linda: Understood. Who will be meeting me there?
Robert: My colleague David will be there. His cell is +1 786 442 9015.
Robert: You can also reach him via email at davidmiller.agent@outlook.com.
Linda: Excellent, I have saved his information. See you tomorrow.",45,Male,en_US,Real Estate Agent,contact,,,WhatsApp,Android 13,Samsung Galaxy S23,2025.01.14
747,2026.03.26,en_US_Screenshot_Contact_0065,HungLD,Accept,,Chloe Martinez,"Chloe: can u pls cover my friday morning shift? i'll owe u big time 🥺
Jake: sure i can do friday. u okay tho?
Chloe: yeah just dealing with some family stuff.
Chloe: btw i got a new phone, delete my old number.
Jake: word, what's the new digits?
Chloe: it's +1 512 944 1056.
Jake: got it. should i still send the shift swap form to ur old email?
Chloe: no use my new one, chloebear1998@hotmail.com.
Jake: sent. hope everything works out!",22,Female,en_US,Barista,contact,,,WhatsApp,Android 13,Google Pixel 7,2023.08.12
748,2026.03.26,en_US_Screenshot_Contact_0066,HungLD,Accept,,William Thompson,"William: Good morning Dr. Evans, thank you for agreeing to consult on this case.
Dr. Evans: Good morning Mr. Thompson, I am glad to assist.
William: Please provide your preferred contact methods for my paralegal to set up our onboarding call.
Dr. Evans: My direct office line is +1 202 883 4107.
Dr. Evans: For document sharing, please use evans.consulting2024@outlook.com.
William: Thank you. Please send any physical mail to 1200 Pennsylvania Ave NW, Washington, DC 20004.
Dr. Evans: Will do. I look forward to reviewing the files.
William: We will be in touch shortly.",51,Male,en_US,Attorney,contact,,,WhatsApp,iOS 17,iPhone 15 Pro Max,2021.10.26
749,2026.03.26,en_US_Screenshot_Contact_0067,HungLD,Accept,,Jessica Wong,"Jessica: bought the tickets! 🎸 we are officially going
Alex: yessss! how much do i owe u?
Jessica: $45. u can just zelle me at +1 408 771 5208
Alex: sent! where r we meeting before the show?
Jessica: let's meet at my apartment, 1042 cedar lane, san jose
Alex: sweet. can u also forward the digital tickets so i have a copy?
Jessica: ya just send me ur email again, i lost it
Alex: it's alex.vibes2023@hotmail.com
Jessica: forwarded. see u saturday!",29,Female,en_US,Software Engineer,contact,,,Messenger,iOS 16,iPhone 14,2022.04.10
750,2026.03.26,en_US_Screenshot_Contact_0068,HungLD,Accept,,Amanda Lewis,"Amanda: Good afternoon Mario, I need to finalize the delivery details for the gala on Saturday.
Mario: Good afternoon Amanda. We are preparing the final invoice now.
Amanda: Where should the accounting department send the final check?
Mario: Please mail it to our main office at 89 Columbus Ave, New York, NY 10023.
Amanda: Noted. And what is the best number for the delivery driver on the day of the event?
Mario: The lead driver's number is +1 917 448 2056.
Amanda: Excellent. If there are any menu changes, I will email mario.kitchen.nyc@gmail.com.
Mario: Perfect, we will monitor that inbox closely. Thank you.",38,Female,en_US,Event Coordinator,contact,,,Telegram,iOS 15,iPhone 13,2023.08.17
751,2026.03.26,en_US_Screenshot_Contact_0069,HungLD,Accept,,Brian O'Connor,"Brian: hey man we're moving the session to the new facility tomorrow 💪
Tom: oh nice! where's the new spot?
Brian: 450 newbury st, boston. it's huge.
Tom: sick. do i need to register at the front desk or anything?
Brian: nah just tell them ur with me. if u get lost call the front desk at +1 617 559 1044
Tom: got it. hey can u send me that meal plan too?
Brian: sure thing, remind me ur email?
Tom: thomas.j.run@gmail.com
Brian: sent it just now. see u at 6am bro 🏃‍♂️",31,Male,en_US,Fitness Trainer,contact,,,iMessage,iOS 17,iPhone 15,2021.10.01
752,2026.03.26,en_US_Screenshot_Contact_0070,HungLD,Accept,,Richard Garcia,"Richard: Good morning Karen, have we received the background check for the new teller applicant?
Karen: Good morning Richard. Yes, the report just came in this morning.
Richard: Please forward the full report to my direct email.
Karen: I will send it to richard.garcia82@gmail.com right away.
Richard: Thank you. Also, please share the contact information for his previous employer.
Karen: The HR contact there is Susan, and her direct line is +1 832 441 7739.
Richard: Excellent, I will give her a call this afternoon to verify a few details.
Karen: Let me know if you need anything else.",42,Male,en_US,Bank Manager,contact,,,iMessage,iOS 17,iPhone 15 Pro Max,2021.10.26
753,2026.03.26,en_US_Screenshot_Contact_0071,HungLD,Accept,,Megan Taylor,"Megan: started the google doc for our final presentation 📝
Kevin: awesome. can u add me as an editor?
Megan: yeah what's ur email again?
Kevin: kevin.wu.study@outlook.com
Megan: invited u. also prof wants us to print a copy and drop it at his office.
Kevin: where is his office again?
Megan: humanities building, room 304. u wanna do it?
Kevin: sure i can drop it off. text me if u update the doc, +1 310 662 9405
Megan: will do. let's crush this project 🔥",24,Female,en_US,Student,contact,,,WhatsApp,Android 13,Samsung Galaxy S23,2025.07.24
754,2026.03.26,en_US_Screenshot_Contact_0072,HungLD,Accept,,Michael Vance,"Michael: Good morning, David. I need the updated contact details for the Chicago warehouse dispatcher.
David: Good morning, Michael. Let me pull that up for you right now.
David: The new dispatcher is Sarah Jenkins.
David: You can reach her at +1 312 555 8921.
Michael: Thank you. Does she have a direct email address as well?
David: Yes, her email is sarahjenkins.log@outlook.com.
Michael: Excellent, I will forward the shipping manifest to her right away.",42,Male,en_US,Logistics Manager,contact,,,iMessage,iOS 15,iPhone SE,2024.03.30
755,2026.03.26,en_US_Screenshot_Contact_0073,HungLD,Accept,,Chloe Martinez,"Chloe: completely forgot to give you my updated info for that freelance gig 🤦‍♀️
Sam: no worries! just send it over now so i can pass it to the art director.
Chloe: awesome! my new cell is +1 415 882 1476 📱
Chloe: and they can email me at chloe.martinez99@hotmail.com for the portfolio link.
Sam: got it, i'll text you if they need anything else from you ✌️
Chloe: thanks so much for the referral sam!! 😊",26,Female,en_US,Graphic Designer,contact,,,WhatsApp,Android 13,Google Pixel 7,2022.03.10
756,2026.03.26,en_US_Screenshot_Contact_0074,HungLD,Accept,,Robert Chen,"Robert: Good afternoon, Ms. Davis. I have the contact information for the plumbing contractor we discussed.
Amanda: Good afternoon, Robert. Thank you for getting back to me so quickly.
Robert: You are very welcome. His name is Tom Halpert and his office number is +1 617 443 9052.
Amanda: Perfect. Do I need to email him any photos of the leak beforehand?
Robert: Yes, please send the photos to his business email at thomasfrank.eng@outlook.com.
Amanda: I will do that immediately. I appreciate your help.
Robert: Let me know if you need anything else to get the house ready for the market.",50,Male,en_US,Real Estate Agent,contact,,,WhatsApp,iOS 17,iPhone 15 Pro Max,2024.10.28
757,2026.03.26,en_US_Screenshot_Contact_0075,HungLD,Accept,,Jessica Brown,"Jessica: need the baker's details for the wedding cake ASAP! 🎂
Ryan: just digging through my contacts to find her card... hold on
Ryan: okay found it! her shop phone is +1 512 667 3841
Jessica: lifesaver! does she prefer calls or should i email the mood board?
Ryan: definitely email the mood board first. send it to mariabui@outlook.com 📧
Jessica: u rock, sending it over to her right now!!",31,Female,en_US,Event Planner,contact,,,Messenger,iOS 16,iPhone 14,2021.10.09
758,2026.03.26,en_US_Screenshot_Contact_0076,HungLD,Accept,,William Dorsey,"William: Good morning, Richard. I wanted to introduce you to the tax specialist I mentioned during our last review.
Richard: Good morning, William. I am ready to get that process started.
William: Her name is Emily Stanton, and you can reach her direct line at +1 212 559 1043.
Richard: Excellent. Should I provide my previous returns to her directly?
William: Yes, please forward those documents securely to emilystanton.cpa@gmail.com.
Richard: I will make sure to send those over by tomorrow afternoon.
William: Thank you, Richard. Please let me know if you have any trouble reaching her.",38,Male,en_US,Financial Advisor,contact,,,Telegram,iOS 15,iPhone 13,2022.03.16
759,2026.03.26,en_US_Screenshot_Contact_0077,HungLD,Accept,,Ashley Simmons,"Ashley: hey can u send me jake's info? he left his jacket at our apartment last night 🧥
Brian: oh yeah he texted me about that earlier!
Brian: his number is +1 206 774 2915, u can just text him
Ashley: cool. i might be out later tho, does he have an email so i can send my work schedule?
Brian: yeah it's alexander1332@gmail.com ✉️
Ashley: perf, i'll let him know when to swing by the cafe to grab it ☕
Brian: sounds good, thanks for holding onto it for him!",24,Female,en_US,Barista,contact,,,iMessage,iOS 17,iPhone 15,2022.03.08
761,2026.03.26,en_US_Screenshot_Contact_0078,HungLD,Accept,,Olivia Bennett,"Olivia: Good afternoon, Mark. Please contact our guest speaker for next week's lecture to confirm his travel arrangements.
Mark: Good afternoon, Professor Bennett. I can certainly do that. Do you have his current details?
Olivia: Yes, Dr. Harrison can be reached on his mobile at +1 305 882 4716.
Mark: Understood. Should I also email him the campus map and parking pass?
Olivia: That would be ideal. Send it to his preferred address: davidjohn.999@hotmail.com.
Mark: I will draft the email and send it out before the end of the day.
Olivia: Thank you, Mark. Keep me updated on his response.",45,Female,en_US,University Professor,contact,,,iMessage,iOS 17,iPhone 15 Pro Max,2025.05.11
762,2026.03.26,en_US_Screenshot_Contact_0079,HungLD,Accept,,Ethan Clarke,"Ethan: dude what's the organizers info for that sunday league? i wanna sign up ⚽
Kevin: let me check the group chat real quick
Kevin: alright the guy's name is Marcus. u can call him at +1 702 441 8532
Ethan: bet. does he need me to send over my waiver form?
Kevin: yeah just email it to marcuswoods.sports@gmail.com before friday!
Ethan: sweet, i'll shoot him an email tonight. thanks man! 🤜🤛
Kevin: no prob, see u at practice!",29,Male,en_US,Software Engineer,contact,,,iMessage,iOS 15,iPhone SE,2023.03.21
763,2026.03.26,en_US_Screenshot_Contact_0080,HungLD,Accept,,Patricia Miller,"Patricia: Good morning, Mr. Evans. I am following up regarding the background check for the new candidate.
Jason: Good morning, Patricia. We just need the contact details for her previous supervisor to complete the file.
Patricia: Certainly. Her former manager is Gregory Thompson, and his direct office number is +1 404 338 6201.
Jason: Thank you. Do you happen to have an email address for him as well?
Patricia: Yes, you can reach him at gregorythompson.mng@outlook.com for any written verification requests.
Jason: Perfect, I will reach out to him right away.
Patricia: Please let me know once the verification is complete so we can proceed with the offer.",52,Female,en_US,Human Resources Director,contact,,,WhatsApp,Android 13,Samsung Galaxy S23,2021.09.12
764,2026.03.26,en_US_Screenshot_Contact_0081,HungLD,Accept,,Lucas Wright,"Lucas: struggling hard with this calculus homework rn... do u still have that tutor's info? 😭
Sarah: yeah he helped me pass last semester lol!
Sarah: his name is daniel and his cell is +1 818 553 9024
Lucas: ur a lifesaver 🙏 does he do zoom sessions or just in person?
Sarah: pretty sure he does both! email him at danielsmith1998@gmail.com to ask about his schedule.
Lucas: awesome, emailing him rn before i fail this quiz 💀
Sarah: u got this! let me know if u need his rates too.
Lucas: will do, thx again!!",22,Male,en_US,College Student,contact,,,WhatsApp,Android 13,Google Pixel 7,2022.09.22
765,2026.03.26,en_US_Screenshot_Contact_0082,HungLD,Accept,,James Wilson,"James: Good morning, Angela. I need the contact information for our new regional logistics supplier.
Angela: Good morning, James. I have their details right here on my desk.
James: Excellent. Please provide the primary representative's phone number and email.
Angela: The main contact is Sarah Connor. Her direct line is +1 415 839 2045.
James: Thank you. And what is her email address?
Angela: You can reach her at sarahconnor.sup@outlook.com.
James: I appreciate it. I will send her the updated forecasting models today.",45,Male,en_US,Operations Director,contact,,,WhatsApp,iOS 17,iPhone 15 Pro Max,2025.10.29
766,2026.03.26,en_US_Screenshot_Contact_0083,HungLD,Accept,,Emily Chen,"Emily: hey do you have mark's new contact info? i need to send him the wedding invite 💌
Jessica: yeah i just got it yesterday! let me find it.
Jessica: his new cell is +1 212 593 8402
Emily: awesome, thanks. does he still use his old email or did he change that too?
Emily: the digital rsvp requires an email address
Jessica: he changed it! his new one is markdavis889@gmail.com 📧
Emily: perf. adding him to the guest list right now 🎉",28,Female,en_US,Graphic Designer,contact,,,Messenger,iOS 16,iPhone 14,2021.07.31
767,2026.03.26,en_US_Screenshot_Contact_0084,HungLD,Accept,,Robert Miller,"Robert: Good afternoon, Ms. Peterson. I promised to send you the details for the estate lawyer we discussed.
Susan: Good afternoon, Robert. Yes, I am ready to reach out to her this week.
Robert: Her name is Jessica Brown. Her office phone number is +1 312 902 4817.
Susan: Thank you. Should I call her directly or send an email first?
Robert: I recommend emailing her a brief overview first at jessicabrown.esq@outlook.com.
Susan: That makes sense. I will draft an email to her tomorrow morning.
Robert: Let me know if you need any assistance reviewing the documents once she replies.",35,Male,en_US,Financial Consultant,contact,,,Telegram,iOS 15,iPhone 13,2023.12.03
768,2026.03.26,en_US_Screenshot_Contact_0085,HungLD,Accept,,Chloe Davis,"Chloe: mom the sink is leaking again and i cant stop it 😭 send the plumbers info pls
Mom: oh no! grab some towels and put a bucket under it right now!
Mom: the plumber is Tom. his number is +1 512 738 1924
Chloe: calling him right now. wait it went to voicemail, does he have an email?
Mom: yes, if it's an emergency try emailing him at tomsmith1212@gmail.com
Mom: tell him it's the davis residence on elm street.
Chloe: okay just emailed him with a picture of the leak. hopefully he comes fast 🙏",22,Female,en_US,Student,contact,,,iMessage,iOS 17,iPhone 15,2022.08.22
769,2026.03.26,en_US_Screenshot_Contact_0086,HungLD,Accept,,Michael Johnson,"Michael: Good morning, team. We are experiencing intermittent issues with the patient database.
Sarah: Good morning, Michael. Should we contact the external IT support vendor?
Michael: Yes, please reach out to David Lee immediately.
Sarah: I don't seem to have his current contact details in my directory.
Michael: You can call his priority support line at +1 617 849 3021.
Sarah: Got it. Do they require us to submit a ticket via email as well?
Michael: Yes, send the error logs to davidlee.tech@outlook.com so they can begin troubleshooting.",50,Male,en_US,Clinic Administrator,contact,,,iMessage,iOS 17,iPhone 15 Pro Max,2021.10.23
770,2026.03.26,en_US_Screenshot_Contact_0087,HungLD,Accept,,Sarah Thompson,"Sarah: totally lost the sticky note with the landlords new info... do u have it?
Alex: haha yeah i put it in my phone. u need to pay rent?
Sarah: yeah trying to set up the zelle transfer. what's his number?
Alex: it's +1 206 483 5910 📱
Sarah: sweet. and the email he wants us to send the maintenance requests to?
Alex: that would be richardwhite.777@hotmail.com 🛠️
Sarah: u are the best, thanks roomie!",25,Female,en_US,Marketing Coordinator,contact,,,iMessage,iOS 15,iPhone SE,2022.07.14
771,2026.03.26,en_US_Screenshot_Contact_0088,HungLD,Accept,,David Martinez,"David: Good evening, Mr. Henderson. I have secured a highly recommended home inspector for the property.
John: Good evening, David. That is great news. Who will we be working with?
David: His name is Kevin Foster. You can contact him at +1 305 726 1849 to discuss his rates.
John: Excellent. Does he have an email address where I can send the previous seller disclosures?
David: He does. Please forward those documents to kevinfoster.insp@gmail.com at your earliest convenience.
John: I will send those over tonight. Thank you for arranging this so quickly.",38,Male,en_US,Real Estate Agent,contact,,,WhatsApp,Android 13,Samsung Galaxy S23,2021.12.31
772,2026.03.26,en_US_Screenshot_Contact_0089,HungLD,Accept,,Amanda Taylor,"Amanda: need a massive favor! do you still use that babysitter from last summer?
Betty: omg yes! lily is amazing, the kids love her so much.
Amanda: we have a last minute dinner on friday, think she might be free?
Betty: you should text her! her cell is +1 404 815 3726
Amanda: texting her now. does she take venmo or should i ask for her email to zelle?
Betty: she prefers zelle! her email is lilyjones2001@gmail.com 💸
Amanda: lifesaver! just sent her a message. fingers crossed!",42,Female,en_US,Teacher,contact,,,WhatsApp,Android 13,Google Pixel 7,2021.10.20
773,2026.03.26,en_US_Screenshot_Contact_0090,HungLD,Accept,,William Clark,"William: Good morning, Emily. I need you to coordinate with our guest lecturer for next month's seminar.
Emily: Good morning, Dr. Clark. I can certainly handle that. Who is the speaker?
William: It will be Dr. Amanda Smith. Please call her at +1 713 594 8203 to confirm her flight details.
Emily: I will call her this afternoon. What email should I use to send the syllabus?
William: You can send all academic materials to amandasmith@outlook.com.
Emily: Perfect. I will make sure she has everything she needs before her arrival.
William: Thank you, Emily. Keep me updated on her travel itinerary.",55,Male,en_US,University Professor,contact,,,WhatsApp,iOS 17,iPhone 15 Pro Max,2024.07.17
774,2026.03.26,en_US_Screenshot_Contact_0091,HungLD,Accept,,Jason Rodriguez,"Jason: bro u mentioned a guy who makes custom chef knives a while back, who was it? 🔪
Mark: oh yeah that's brian! his work is insane, totally worth the waitlist.
Jason: im trying to get a new santoku made. u got his digits?
Mark: for sure. give him a call at +1 720 934 6158
Jason: dope. should i email him my sketches first or just call?
Mark: definitely email the sketches so he can give u a quote. hit him up at brianadams.456@hotmail.com
Jason: right on. gonna send him my designs right now, thanks man!",31,Male,en_US,Chef,contact,,,Messenger,iOS 16,iPhone 14,2021.08.08
775,2026.03.26,en_US_Screenshot_Contact_0092,HungLD,Accept,,Sarah Jenkins,"Sarah: got the leak fixed yet? 😬
Mike: not yet man, still dripping. you know a guy?
Sarah: yeah jim from downtown. he's super fast.
Sarah: his number is +1-415-847-2931.
Mike: sweet, does he have an email to send pics of the pipe?
Sarah: try jim.repairs88@outlook.com
Mike: awesome thanks, texting him right now.",28,Female,en_US,Graphic Designer,contact,,,Telegram,iOS 15,iPhone 13,2025.11.29
776,2026.03.26,en_US_Screenshot_Contact_0093,HungLD,Accept,,Robert Vance,"Robert: Good morning Claire. I have prepared the tax documents for your review.
Claire: Good morning Robert. Can I stop by the office later to sign them?
Robert: Yes, certainly. My new office is located at 4500 Westheimer Rd, Suite 210, Houston, TX.
Claire: Perfect. If I get lost, should I call the main desk?
Robert: Please call my direct line at +1-713-584-9023.
Claire: Thank you. Could you also email a digital copy to claire.simmons.design@gmail.com?
Robert: I will send it right away.",45,Male,en_US,Certified Public Accountant,contact,,,iMessage,iOS 17,iPhone 15,2021.06.10
777,2026.03.26,en_US_Screenshot_Contact_0094,HungLD,Accept,,Chloe Martinez,"Chloe: did you book the dj for friday night?
Jenna: nope I totally forgot 🤦‍♀️ what was his name again?
Chloe: it's DJ Marcus. you gotta email him today or he'll book someone else.
Jenna: okay okay! email address?
Chloe: marcusbeats.99@hotmail.com
Jenna: wait I think it bounced, do you have his cell?
Chloe: yeah try +1-305-492-8174. tell him chloe sent you!
Jenna: lifesaver! calling him now.",22,Female,en_US,College Student,contact,,,iMessage,iOS 17,iPhone 15 Pro Max,2023.01.20
778,2026.03.26,en_US_Screenshot_Contact_0095,HungLD,Accept,,David Lin,"Susan: Hello David. Thank you for your excellent interview yesterday. We just need two references to proceed.
David: Good afternoon Susan. Thank you for the update. I have my references ready.
Susan: Wonderful. Please provide their contact details at your earliest convenience.
David: You can contact my former manager, Dr. Alan Reid, at alan.reid.tech@outlook.com.
David: For the second reference, please call Ms. Laura Bates at +1-206-834-1928.
Susan: Excellent. I will reach out to them tomorrow morning.
David: Thank you. Please let me know if you need any further information.",31,Male,en_US,Software Engineer,contact,,,iMessage,iOS 15,iPhone SE,2023.01.08
779,2026.03.26,en_US_Screenshot_Contact_0096,HungLD,Accept,,Marcus Johnson,"Marcus: bro my transmission is slipping again 😭
Ty: damn not again. take it to my guy in oakland.
Marcus: where's his shop at?
Ty: 1420 Broadway Ave. it's right past the gas station.
Marcus: bet. you got a number for him?
Ty: yeah hit up +1-510-384-5512. ask for tony.
Marcus: good looks man, hoping it's not too expensive 💸",26,Male,en_US,Warehouse Supervisor,contact,,,WhatsApp,Android 13,Samsung Galaxy S23,2023.05.09
780,2026.03.26,en_US_Screenshot_Contact_0097,HungLD,Accept,,Emily Foster,"Emily: Good morning Gary. Has the bulk order of fabric shipped from the warehouse yet?
Gary: Good morning Emily. Yes, it was dispatched an hour ago.
Emily: Can you please forward the tracking details to our logistics team?
Gary: Absolutely. Should I send it to logistics.efoster@gmail.com?
Emily: Please use emily.foster902@outlook.com instead, as I am monitoring this shipment personally.
Gary: Noted. The driver will also need a contact number for the loading dock.
Emily: Have the driver call the dock manager at +1-312-675-8021 upon arrival.
Gary: Understood. I will pass the information along.",39,Female,en_US,Supply Chain Manager,contact,,,WhatsApp,Android 13,Google Pixel 7,2022.10.01
781,2026.03.26,en_US_Screenshot_Contact_0098,HungLD,Accept,,Liam O'Connor,"Liam: dude your new sleeve looks insane 🔥
Sam: thanks man! took like 8 hours total.
Liam: I want to get a piece done on my chest. who did yours?
Sam: her name is raven. she's booked up fast though.
Liam: drop her info? I wanna get a quote.
Sam: email her at raven.ink.art@hotmail.com with your design idea.
Sam: if she doesn't reply in a day, text her booking phone at +1-702-841-3956.
Liam: sick. gonna message her now.",24,Male,en_US,Bartender,contact,,,WhatsApp,iOS 17,iPhone 15 Pro Max,2025.03.11
782,2026.03.26,en_US_Screenshot_Contact_0099,HungLD,Accept,,Amanda Wright,"Amanda: Good afternoon Bill. Are we still on schedule to begin the kitchen demolition on Monday?
Bill: Good afternoon Amanda. Yes, we are ready. I just need you to confirm the billing address for the final invoice.
Amanda: Please send all physical invoices to 892 Willow Creek Drive, Austin, TX 78704.
Bill: Perfect. Could you also provide an email address for the daily progress reports?
Amanda: Send those updates to awright.architecture@gmail.com.
Bill: Thank you, Amanda. My crew will arrive by 8:00 AM on Monday.
Amanda: I look forward to it. See you then.",41,Female,en_US,Real Estate Agent,contact,,,Messenger,iOS 16,iPhone 14,2023.09.01
783,2026.03.26,en_US_Screenshot_Contact_0100,HungLD,Accept,,Jamal Davis,"Jamal: hey is that fender strat still up for sale?
Kevin: yeah man still got it. lots of interest though.
Jamal: I have cash right now. where can I meet you?
Kevin: I'm at work but you can swing by my place after 6.
Kevin: 550 Pine Street, apartment 4B.
Jamal: cool I can be there at 6:30.
Kevin: sounds good. text me when you get here so I can buzz you in. +1-617-385-2249.
Jamal: will do 🎸",29,Male,en_US,Music Teacher,contact,,,Telegram,iOS 15,iPhone 13,2024.05.10
784,2026.03.26,en_US_Screenshot_Contact_0101,HungLD,Accept,,Olivia Chen,"Olivia: Good morning Mark. I need to reschedule my consultation for next week.
Mark: Good morning Ms. Chen. I can certainly help with that. Are you available on Thursday at 2 PM?
Olivia: Thursday works well. Also, my general practitioner wanted me to share his contact information with you.
Mark: Thank you. Please provide his phone number and email address for our records.
Olivia: His direct clinic line is +1-858-932-1140.
Olivia: You can also reach his nursing staff at dr.miller.cardio77@outlook.com.
Mark: I have updated your file. We will see you next Thursday at 2 PM.
Olivia: Thank you for your assistance.",52,Female,en_US,University Professor,contact,,,iMessage,iOS 17,iPhone 15,2023.07.30
785,2026.03.26,en_US_Screenshot_Contact_0102,HungLD,Accept,,Jake Morrison,"Jake: bro do you still have those rims for the civic?
Tyler: yeah man they are just sitting in the garage.
Jake: sweet how much u want for them?
Tyler: 200 bucks and they are yours.
Jake: deal. what's your addy?
Tyler: 842 Elm Street, down in Southside.
Jake: cool i'll swing by tomorrow. what's your cashapp email?
Tyler: tylerjones883@gmail.com
Tyler: or just text me when ur close +1-312-589-4021
Jake: bet. see u tomorrow.",24,Male,en_US,Mechanic,contact,,,iMessage,iOS 17,iPhone 15 Pro Max,2024.10.11
786,2026.03.26,en_US_Screenshot_Contact_0103,HungLD,Accept,,Eleanor Vance,"Eleanor: Good morning Richard. I am finalizing the catering menu for the annual gala.
Richard: Good morning Eleanor. Do you need me to confirm the headcount?
Eleanor: Yes, please. Also, I need the contact details for the main venue manager.
Richard: You can reach the venue manager, Sarah Jenkins, at sarahjenkins.mgr@outlook.com.
Eleanor: Excellent. Does she have a direct office line as well?
Richard: Yes, her office number is +1-212-748-3920.
Eleanor: Thank you Richard. I will send her the finalized guest list today.",41,Female,en_US,Event Coordinator,contact,,,iMessage,iOS 15,iPhone SE,2022.01.12
787,2026.03.26,en_US_Screenshot_Contact_0104,HungLD,Accept,,Mia Rodriguez,"Mia: going to be out of town this weekend. can u watch buster? 🐶
Chloe: sure thing! I love buster. dropping him off here?
Mia: yeah i can bring him friday night if that works.
Chloe: works for me!
Mia: oh I need to give u the emergency vet info just in case.
Chloe: good idea, just text it.
Mia: their number is +1-512-493-2015.
Mia: and the clinic email is austinvetcare99@hotmail.com.
Chloe: got it! don't worry he'll be spoiled rotten.",29,Female,en_US,Nurse,contact,,,WhatsApp,Android 13,Samsung Galaxy S23,2022.12.06
788,2026.03.26,en_US_Screenshot_Contact_0105,HungLD,Accept,,Gregory Hayes,"Gregory: Good afternoon Ms. Klein. Have you received the preliminary appraisal report?
Jessica: Good afternoon Gregory. Yes, I just reviewed it.
Gregory: We need to arrange a structural inspection before closing. Who do you recommend?
Jessica: Please contact Henderson Inspections. They are very thorough.
Gregory: Could you provide their contact information?
Jessica: You can email the lead inspector at robert.henderson.eng@gmail.com.
Jessica: You can also call their dispatch desk at +1-404-827-1643.
Gregory: Thank you. I will schedule the inspection immediately.",53,Male,en_US,Real Estate Broker,contact,,,WhatsApp,Android 13,Google Pixel 7,2021.07.29
789,2026.03.26,en_US_Screenshot_Contact_0106,HungLD,Accept,,Leo Campbell,"Leo: those wireframes are looking dope man 🔥
Nate: thanks bro! just finished the homepage mockup.
Leo: the client wants to pay you directly for this batch.
Nate: sweet. should I send an invoice?
Leo: yeah just email it to them.
Nate: what's the billing email again?
Leo: the direct one is markdavis771@outlook.com.
Nate: done. if he needs to call me about the revisions, give him my cell +1-720-394-8172.
Leo: will do. great work again.",27,Male,en_US,UX Designer,contact,,,WhatsApp,iOS 17,iPhone 15 Pro Max,2021.07.22
790,2026.03.26,en_US_Screenshot_Contact_0107,HungLD,Accept,,Cynthia Patel,"Cynthia: Good morning Mr. Shaw. The drafting of the merger agreement is complete.
Brian: Good morning Cynthia. That is excellent news. When can we review the final draft?
Cynthia: I can courier the physical copies to your office tomorrow.
Brian: Please send them to our new headquarters at 1200 Corporate Way, Suite 400, Seattle, WA.
Cynthia: Understood. I also need your compliance officer's contact details for the filing.
Brian: Please email him directly at davidlee.compliance@hotmail.com.
Brian: Alternatively, his direct phone line is +1-206-553-9081.
Cynthia: Thank you, Mr. Shaw. I will reach out to him this afternoon.",38,Female,en_US,Corporate Attorney,contact,,,Messenger,iOS 16,iPhone 14,2022.10.20
791,2026.03.26,en_US_Screenshot_Contact_0108,HungLD,Accept,,Trevor Evans,"Trevor: ready for leg day tomorrow? 💪
Jason: man my hamstrings are still sore from tuesday lol
Trevor: u will be fine! meet at the new gym or the park?
Jason: let's do the new gym. I don't have the address though.
Trevor: it's 340 West Iron Blvd.
Jason: cool. hey my buddy wants to sign up for sessions, how should he contact u?
Trevor: tell him to shoot an email to trevorevans.fit@gmail.com.
Trevor: or just text me at +1-602-481-2295.
Jason: awesome i'll forward him the info.",31,Male,en_US,Personal Trainer,contact,,,Telegram,iOS 15,iPhone 13,2023.09.03
792,2026.03.26,en_US_Screenshot_Contact_0109,HungLD,Accept,,Thomas Wright,"Thomas: Good afternoon Rachel. Has the shipment of new laptops arrived at the branch?
Rachel: Good afternoon Thomas. Not yet, we are still waiting for the delivery truck.
Thomas: The logistics vendor mentioned a slight delay due to weather.
Rachel: Who should I contact if they do not arrive by 4 PM?
Thomas: Please contact the vendor's regional manager at +1-303-728-4419.
Rachel: Do you have an email address for him as well?
Thomas: Yes, his email is michael.harris88@outlook.com.
Rachel: Thank you. I will let you know as soon as the equipment is delivered.",46,Male,en_US,IT Director,contact,,,iMessage,iOS 17,iPhone 15,2025.12.22
793,2026.03.26,en_US_Screenshot_Contact_0110,HungLD,Accept,,Sophia Ramirez,"Sophia: did u manage to book the studio for saturday?
Liam: yeah we got the main room from 2pm to 6pm.
Sophia: perfect! how much was the deposit?
Liam: 50 bucks. i need everyone to pitch in.
Sophia: no prob. what's the zelle for the studio guy?
Liam: you can just zelle him at kevinwhite23@gmail.com.
Liam: if u get lost getting there his number is +1-503-692-1845.
Sophia: bet. getting my drum kit ready now 🥁",23,Female,en_US,Musician,contact,,,iMessage,iOS 17,iPhone 15 Pro Max,2021.07.10
794,2026.03.26,en_US_Screenshot_Contact_0111,HungLD,Accept,,Alice Montgomery,"Alice: Good morning James. The final proofs for the upcoming novel are ready for review.
James: Good morning Alice. I am eager to see them. Have you sent them to the author?
Alice: I am preparing the package now. I need her current mailing address.
James: Please mail the physical proofs to 45 Maple Drive, Portland, OR 97204.
Alice: Thank you. Should I also email the digital copies to her agent?
James: Yes, please forward the PDF to her agent at sarahbrown.lit@hotmail.com.
James: If there are any urgent formatting issues, call the agency at +1-971-482-3307.
Alice: I will ensure everything is sent out before noon.",50,Female,en_US,Senior Editor,contact,,,iMessage,iOS 15,iPhone SE,2025.11.09
795,2026.03.26,en_US_Screenshot_Contact_0112,HungLD,Accept,,John Miller,"John: Good morning, Mr. Davis. I have the details for the property viewing tomorrow.
Davis: Good morning, John. Thank you. Where is it located?
John: The address is 4521 Maplewood Drive, Austin, TX 78704.
Davis: Excellent. And if I need to reach the current owner directly before the inspection?
John: You can contact her at +1 512 847 9302 or email sarah.jenkins.realty@gmail.com.
Davis: Perfect, I will save those now.
John: Please let me know if you need any other documents before we meet.",45,Male,en_US,Real Estate Agent,contact,,,WhatsApp,Android 13,Samsung Galaxy S23,2024.09.03
796,2026.03.26,en_US_Screenshot_Contact_0113,HungLD,Accept,,Chloe Adams,"Chloe: did you get the logo files i sent over last night? 🤔
Sam: yeah got them! looks sick. but the invoice didn't have your payment email.
Chloe: oh my bad lol. it's chloeadams99@outlook.com for zelle.
Sam: sweet. and what's a good number to call you if the printer has questions about the bleed limits?
Chloe: you can just give them my cell +1 415 629 1845.
Sam: awesome, i'll forward this to the team now.
Chloe: thanks sam! talk later ✌️",28,Female,en_US,Graphic Designer,contact,,,WhatsApp,Android 13,Google Pixel 7,2024.02.06
797,2026.03.26,en_US_Screenshot_Contact_0114,HungLD,Accept,,Robert Evans,"Robert: Hello Sarah, I hope this message finds you well. We are ready to proceed with the vendor contract.
Sarah: Hello Robert. That is wonderful news. What information do you need from me?
Robert: I need your primary billing address and a direct phone line for our records.
Sarah: Of course. The address is 880 Innovation Parkway, Suite 200, Atlanta, GA 30308.
Robert: Received. And the phone number?
Sarah: My direct office line is +1 404 738 5219. You can also cc my assistant at mark.t.robinson@hotmail.com for invoices.
Robert: Thank you, I have updated the file.
Sarah: Please let me know if you need anything else.",52,Male,en_US,Project Manager,contact,,,WhatsApp,iOS 17,iPhone 15 Pro Max,2022.06.27
798,2026.03.26,en_US_Screenshot_Contact_0115,HungLD,Accept,,Mia Torres,"Mia: so the landlord said we need the application by friday 😭
Liam: wait really? i thought we had until monday!
Mia: nope she changed her mind. can u send me your guarantor's info asap?
Liam: yeah my dad's email is david.smith.77@gmail.com.
Mia: got it. what about his phone number? the form needs two ways to reach him.
Liam: +1 312 859 4021. just text him first so he knows it's u.
Mia: cool i'll text him rn and send the link 🏃‍♀️",22,Female,en_US,Barista,contact,,,Messenger,iOS 16,iPhone 14,2024.06.09
799,2026.03.26,en_US_Screenshot_Contact_0116,HungLD,Accept,,William Chen,"William: Good afternoon. I am reaching out to confirm the details for the deposition on Thursday.
Jessica: Good afternoon, William. Yes, we are still on schedule for 10 AM.
William: Excellent. Please provide the contact information for the lead witness.
Jessica: His name is Marcus Thorne. His email is m.thorne.consulting@outlook.com.
William: Thank you. Does he have a reliable mobile number as well?
Jessica: Yes, you can reach him at +1 206 471 8395.
William: I will have my paralegal reach out to him today.",35,Male,en_US,Corporate Lawyer,contact,,,Telegram,iOS 15,iPhone 13,2025.05.22
800,2026.03.26,en_US_Screenshot_Contact_0117,HungLD,Accept,,Noah Brooks,"Noah: r u still selling that grey couch from marketplace?
Tyler: yes i am! it's still available.
Noah: dope. when can i come look at it? and where r u located?
Tyler: im at 1240 west campus drive, apartment 4B.
Noah: ok i can swing by around 5. is there a number i can call when i get there? the gate is usually locked.
Tyler: yeah just call me at +1 720 394 5812. or u can email my roommate if my phone dies, joshua.lee.00@gmail.com.
Noah: bet see u at 5 🔥
Tyler: see ya",19,Male,en_US,College Student,contact,,,iMessage,iOS 17,iPhone 15,2022.11.24
801,2026.03.26,en_US_Screenshot_Contact_0118,HungLD,Accept,,Emily Watson,"Emily: Good morning, Mr. Peterson. I am contacting you to request a reference for a former employee.
Peterson: Good morning, Emily. I would be happy to help. Who is the candidate?
Emily: We are looking at hiring Amanda Clarke. Do you have the contact details for her former manager?
Peterson: Yes, her manager was Richard Hayes. His direct line is +1 617 824 1056.
Emily: I appreciate that. Do you happen to have an email address for him as well?
Peterson: You can email him at rhayes.logistics@hotmail.com. He responds fairly quickly there.
Emily: Thank you for your assistance.",41,Female,en_US,HR Director,contact,,,iMessage,iOS 17,iPhone 15 Pro Max,2023.04.25
802,2026.03.26,en_US_Screenshot_Contact_0119,HungLD,Accept,,Sophia Rodriguez,"Sophia: just finished the schedule for the Sedona retreat! 🧘‍♀️✨
Emma: omg finally! i can't wait. did u book the catering yet?
Sophia: working on it now. i need the chef's contact info again, i lost it.
Emma: her email is chefmarcus123@gmail.com.
Sophia: thanks! did u also have a phone number for the venue coordinator?
Emma: yeah it's +1 480 275 9184. ask for Rachel.",31,Female,en_US,Yoga Instructor,contact,,,iMessage,iOS 15,iPhone SE,2025.10.04
803,2026.03.26,en_US_Screenshot_Contact_0120,HungLD,Accept,,James Mitchell,"James: Good evening, Mrs. Gallagher. We need to update the beneficiary contact details on your account.
Gallagher: Good evening, James. Let's take care of that now. What do you need?
James: I need the current address and phone number for your son, Thomas.
Gallagher: His new address is 785 Pinecone Lane, Seattle, WA 98109.
James: I have recorded the address. And his best phone number?
Gallagher: Please use his mobile, +1 206 583 7210. You can also send formal notices to thomasg.finance@outlook.com.
James: Perfect. The file is now fully updated.",60,Male,en_US,Wealth Advisor,contact,,,WhatsApp,Android 13,Samsung Galaxy S23,2024.06.01
804,2026.03.26,en_US_Screenshot_Contact_0121,HungLD,Accept,,Ethan Patel,"Ethan: are we still playing soccer on thursday? ⚽
Carlos: yeah man but we need one more player. u know anyone?
Ethan: my buddy jake wants to join. let me give u his info.
Carlos: sweet send it over so i can add him to the roster.
Ethan: his email is jake.wilson.99@hotmail.com.
Carlos: does he have a number too in case of rain delay?
Ethan: yep it's +1 305 618 4932.
Carlos: sick. i'll text him the waiver link right now.
Ethan: awesome, see u on the pitch bro 😎",25,Male,en_US,Software Engineer,contact,,,WhatsApp,Android 13,Google Pixel 7,2024.11.30