#,file,participant,age,gender,country,occupation,primary category,secondary category,topics of interest,application used,OS,device info,"Creation date
(YYYY.MM.DD)","Delivery date
(YYYY.MM.DD)"
1017,1017_marcus,Marcus,41,M,en_US,Auto mechanic,contact,,,Notepad,Windows,Windows PC,2022.05.29,2026.03.23
1018,1018_priya,Priya,34,F,en_US,Nurse,contact,,,Notepad,Windows,Windows PC,2023.11.26,2026.03.23
1019,1019_lauren,Lauren,29,F,en_US,Graphic Designer,contact,,,Notepad,Windows,Windows PC,2026.02.28,2026.03.23
1020,1020_derrick,Derrick,41,M,en_US,High School Teacher,contact,,,Notepad,Windows,Windows PC,2022.12.17,2026.03.23
1021,1021_nina,Nina,33,F,en_US,Dental Hygienist,contact,,,Notepad,Windows,Windows PC,2025.02.10,2026.03.23
1022,1022_megan,Megan,29,F,en_US,Graphic Designer,contact,,,Notepad,Windows,Windows PC,2024.02.08,2026.03.23
1024,1024_alyssa,Alyssa,29,F,en_US,Elementary teacher,contact,,,Notepad,Windows,Windows PC,2024.11.21,2026.03.23
1025,1025_brandon,Brandon,41,M,en_US,Auto parts supervisor,contact,,,Notepad,Windows,Windows PC,2025.03.01,2026.03.23
1026,1026_naomi,Naomi,34,F,en_US,Product manager,contact,,,Notepad,Windows,Windows PC,2025.03.23,2026.03.23
1027,1027_ava,Ava,29,F,en_US,Graphic designer,contact,,,Notepad,Windows,Windows PC,2022.06.07,2026.03.23
1028,1028_marcus,Marcus,41,M,en_US,High school teacher,contact,,,Notepad,Windows,Windows PC,2022.03.22,2026.03.23
1029,1029_naomi,Naomi,33,F,en_US,Dental hygienist,contact,,,Notepad,Windows,Windows PC,2022.07.07,2026.03.23
1030,1030_maya,Maya,29,F,en_US,Graphic designer,contact,,,Notepad,Windows,Windows PC,2022.06.20,2026.03.23
1083,1083_priya,Priya,36,F,en_US,Insurance Coordinator,contact,,,Notepad,Windows,Windows PC,2024.08.05,2026.03.23
1084,1084_megan,Megan,29,F,en_US,Graphic Designer,contact,,,Notepad,Windows,Windows PC,2022.08.02,2026.03.23
1085,1085_travis,Travis,41,M,en_US,High School Teacher,contact,,,Notepad,Windows,Windows PC,2023.12.11,2026.03.23
1086,1086_alicia,Alicia,34,F,en_US,Dental Assistant,contact,,,Notepad,Windows,Windows PC,2024.02.01,2026.03.23
1087,1087_ava,Ava,29,F,en_US,Graphic Designer,contact,,,Notepad,Windows,Windows PC,2022.05.27,2026.03.23
1088,1088_marcus,Marcus,38,M,en_US,Auto Claims Adjuster,contact,,,Notepad,Windows,Windows PC,2024.10.17,2026.03.23
1089,1089_nina,Nina,34,F,en_US,Elementary School Teacher,contact,,,Notepad,Windows,Windows PC,2024.12.10,2026.03.23
1090,1090_alyssa,Alyssa,29,F,en_US,Graphic designer,contact,,,Notepad,Windows,Windows PC,2023.04.26,2026.03.23
1092,1092_priya,Priya,34,F,en_US,Payroll specialist,contact,,,Notepad,Windows,Windows PC,2023.07.29,2026.03.23
1093,1093_megan,Megan,31,F,en_US,Graphic Designer,contact,,,Notepad,Windows,Windows PC,2024.12.10,2026.03.23
1094,1094_travis,Travis,44,M,en_US,Delivery Driver,contact,,,Notepad,Windows,Windows PC,2025.08.28,2026.03.23
1095,1095_alina,Alina,24,F,en_US,Operations Coordinator,contact,,,Notepad,Windows,Windows PC,2023.08.19,2026.03.23
1096,1096_lauren,Lauren,29,F,en_US,Elementary teacher,contact,,,Notepad,Windows,Windows PC,2023.02.01,2026.03.23
1097,1097_marcus,Marcus,41,M,en_US,Warehouse supervisor,contact,,,Notepad,Windows,Windows PC,2025.01.11,2026.03.23
1098,1098_priya,Priya,34,F,en_US,Product manager,contact,,,Notepad,Windows,Windows PC,2023.01.12,2026.03.23
1099,1099_megan,Megan,29,F,en_US,Graphic Designer,contact,,,Notepad,Windows,Windows PC,2024.07.02,2026.03.23
1100,1100_travis,Travis,41,M,en_US,Warehouse Supervisor,contact,,,Notepad,Windows,Windows PC,2024.10.09,2026.03.23
1101,1101_priya,Priya,34,F,en_US,High School Counselor,contact,,,Notepad,Windows,Windows PC,2025.05.13,2026.03.23
1102,1102_avery,Avery,29,F,en_US,Graphic Designer,contact,,,Notepad,Windows,Windows PC,2022.11.18,2026.03.23
1103,1103_nolan,Nolan,41,M,en_US,Sales Representative,contact,,,Notepad,Windows,Windows PC,2023.03.29,2026.03.23
1104,1104_camille,Camille,34,F,en_US,Elementary School Teacher,contact,,,Notepad,Windows,Windows PC,2025.03.16,2026.03.23
1105,1105_avery,Avery,29,F,en_US,Graphic Designer,contact,,,Notepad,Windows,Windows PC,2022.06.30,2026.03.23
1106,1106_caleb,Caleb,41,M,en_US,Auto Parts Manager,contact,,,Notepad,Windows,Windows PC,2022.03.09,2026.03.23
1107,1107_naomi,Naomi,36,F,en_US,Elementary School Teacher,contact,,,Notepad,Windows,Windows PC,2025.03.21,2026.03.23
1108,1108_ava,Ava,29,F,en_US,Graphic Designer,contact,,,Notepad,Windows,Windows PC,2025.06.09,2026.03.23
1109,1109_marcus,Marcus,41,M,en_US,Transit Supervisor,contact,,,Notepad,Windows,Windows PC,2026.01.24,2026.03.23
1110,1110_jenna,Jenna,34,F,en_US,Elementary School Teacher,contact,,,Notepad,Windows,Windows PC,2026.02.26,2026.03.23
1111,1111_amber,Amber,31,F,en_US,Bakery manager,contact,,,Notepad,Windows,Windows PC,2023.09.08,2026.03.23
1112,1112_trevor,Trevor,28,M,en_US,Graphic designer,contact,,,Notepad,Windows,Windows PC,2024.05.04,2026.03.23
1113,1113_denise,Denise,44,F,en_US,Music teacher,contact,,,Notepad,Windows,Windows PC,2022.08.01,2026.03.23
1114,1114_megan,Megan,34,F,en_US,Dental Assistant,contact,,,Notepad,Windows,Windows PC,2023.06.11,2026.03.23
1115,1115_jordan,Jordan,29,M,en_US,Warehouse Supervisor,contact,,,Notepad,Windows,Windows PC,2024.07.14,2026.03.23
1116,1116_priya,Priya,41,F,en_US,High School Counselor,contact,,,Notepad,Windows,Windows PC,2022.07.15,2026.03.23
1117,1117_jenna,Jenna,29,F,en_US,Dental assistant,contact,,,Notepad,Windows,Windows PC,2023.01.22,2026.03.23
1118,1118_marcus,Marcus,34,M,en_US,Warehouse supervisor,contact,,,Notepad,Windows,Windows PC,2025.07.14,2026.03.23
1119,1119_alina,Alina,26,F,en_US,Graphic designer,contact,,,Notepad,Windows,Windows PC,2023.02.26,2026.03.23
1120,1120_melissa,Melissa,34,F,en_US,Elementary school teacher,contact,,,Notepad,Windows,Windows PC,2022.10.06,2026.03.23
1121,1121_darren,Darren,41,M,en_US,Warehouse supervisor,contact,,,Notepad,Windows,Windows PC,2023.02.05,2026.03.23
1122,1122_alyssa,Alyssa,29,F,en_US,Elementary teacher,contact,,,Notepad,Windows,Windows PC,2024.07.07,2026.03.23
1123,1123_marcus,Marcus,41,M,en_US,Auto mechanic,contact,,,Notepad,Windows,Windows PC,2025.02.16,2026.03.23
1124,1124_priya,Priya,34,F,en_US,Product manager,contact,,,Notepad,Windows,Windows PC,2025.09.21,2026.03.23
1125,1125_ava,Ava,29,F,en_US,Graphic Designer,contact,,,Notepad,Windows,Windows PC,2024.05.02,2026.03.23
1126,1126_marcus,Marcus,41,M,en_US,Delivery Supervisor,contact,,,Notepad,Windows,Windows PC,2023.05.26,2026.03.23
1127,1127_priya,Priya,37,F,en_US,Elementary School Teacher,contact,,,Notepad,Windows,Windows PC,2023.04.19,2026.03.23
1128,1128_marissa,Marissa,29,F,en_US,Event planner,contact,,,Notepad,Windows,Windows PC,2025.06.24,2026.03.23
1129,1129_marissa,Marissa,29,F,en_US,Graphic Designer,contact,,,Notepad,Windows,Windows PC,2024.04.16,2026.03.23
1130,1130_alyssa,Alyssa,29,F,en_US,Graphic Designer,contact,,,Notepad,Windows,Windows PC,2024.04.23,2026.03.23