#,file,participant,Script,age,gender,country,occupation,primary category,secondary category,topics of interest,application used,OS,device info,"Creation Date
(YYYY.MM.DD)","Delivery Date
(YYYY.MM.DD)"
812,812_priya_nair,Priya Nair,"1. Cousin Lena baby shower brunch
2. Sunday, May 4
3. 12:30 pm - 3:00 pm
4. Cedar Grove Banquet Room, 88 Lakeview Rd, Naperville
5. theme is soft yellow / flowers, keep gift bag simple
6. pick up onesie order sat morning from print shop
7. call Mom by Thurs abt whether she's riding w me
8. bring card, tape it shut this time
9. maybe leave home 11:35 bc highway always slow near Ogden
10. Lena's friend Marisol is doing games at 1:15
11. food should be mostly veg-friendly but maybe pack almonds just in case
12. ask if they need help w centerpieces when I get there
13. dont forget stroller raffle ticket money, $5 cash
14. take pic of invite before going, I keep losing it in texts
15. parking behind building + overflow in church lot next door
16. if running late, text Evan so he can save me a seat
17. maybe wear the green dress, not the blue one, blue feels too office-y
18. leave by 3 unless cleanup is a mess and they need hands",29,F,en_US,Elementary School Teacher,event,,,Notepad,Windows,Windows PC,2023.10.03,2026.03.23
847,847_terrence_bowman,Terrence Bowman,"Work summit - Chicago sales kickoff
Palmer House Hilton, 17 E Monroe St, Chicago
Mon Aug 10 - Wed Aug 12
flight in on AA 221, land 8:40am if no delays

Need to check in early bc first session starts 11:00 and I hate rushing into a room half awake. Grab coffee before badge pickup, not after, last yr line was ridiculous.

Dinner w regional team Tues 7:30 at Cherry Circle Room maybe, still waiting on final text from Ava. Bring the navy blazer, not the gray one, pics from these things always end up on LinkedIn somehow.

Ask hotel desk abt late checkout for Wed since return flight is 6:15pm. If I have a gap, walk over to Art Institute gift shop for mom's birthday thing.

Expenses: save every reciept, even dumb little snacks
remember charger for laptop + clicker
call Ben Monday night re kids' camp form
no sleeping thru alarm this time :( 
backup meeting room listed as State Ballroom B",44,M,en_US,Regional sales manager,event,,,Notepad,Windows,Windows PC,2024.09.27,2026.03.23
848,848_elena_ruiz,Elena Ruiz,"- Cousin Tori's baby shower brunch
- Sunday, Sept 13
- 11:30 am to maybe 2:00
- The Willow Room, 84 River St, Hoboken NJ
- theme is soft yellow / wildflowers, so dont wear bright red again
- gift: stroller fan + books, wrap Sat night
- call Mom by Thurs abt whether she's riding with me
- RSVP to Kelsey, she said final headcount Friday
- parking garage on 2nd is cheaper than valet
- leave Brooklyn by 10:15 or traffic will be a mess
- pick up cupcakes from Sweet Current at 9:30
- bring the old baby pic of Tori for the memory board
- maybe write card before I go so I'm not scribbling in the car lol :)
- if running late, text family group not just Tori
- save address offline bc signal in tunnel gets weird
- after party maybe stop by waterfront if weather's nice",28,F,en_US,Dental hygienist,event,,,Notepad,Windows,Windows PC,2022.12.13,2026.03.23
955,955_danielle_brooks,Danielle Brooks,"Broadway flea market day
Union Square, NYC
Sun Sept 21
goal: get there by 10:15 am
 
Need:
- comfy shoes
- tote bag that won't rip
- portable charger
- cash in small bills
 
I rlly wanna find old playbills from Hadestown or Into the Woods.
If I see vintage cast tees, cap it at $60 max.
 
1. coffee first at 14th St if train isn't delayed
2. meet Lila near the north plaza steps
3. check merch tables before the good stuff is gone :( 
 
also ask abt stage door charity raffle times
Lila said some performers pop by around noon??
dont forget the poster tube this time omg
 
Later maybe lunch at the sandwich spot on University Pl
if exhausted, head home by 2:30 pm
save room in bag for records if the vinyl booth is back
title in calendar should say: Broadway Flea Market run",27,F,en_US,Paralegal,event,,,Notepad,Windows,Windows PC,2025.06.07,2026.03.23
957,957_trevor_mullins,Trevor Mullins,"* Open mic night at Harbor Room
- Fri June 12
- doors 7:00 pm, signup by 7:30
* location:
118 Water St, Portland, ME
bring guitar AND extra strings
• call Jake if parking sucks
• maybe park near Custom House Wharf
- do 2 songs max, keep it short
* try ""Slow Morning"" first
• no coffee after 5 or hands get weird lol :))
- text Sara when heading over
* check if cover is cash only
• want to ask the sound guy abt the buzzing cable
- dont forget capo in front pocket
* if nerves get bad just stay for the set and leave, that's fine too",27,M,en_US,Barista,event,,,Notepad,Windows,Windows PC,2024.10.02,2026.03.23
958,958_danielle_foster,Danielle Foster,"Baby shower for Tasha
Sunday Aug 9, 2 pm
Elm Street Community Center, 88 Elm St, Columbus
need to be there by 1:20 bc I'm helping set up balloons
pastel theme, not super cheesy
grab gift bag from hall closet friday nite
maybe add the little board books too

Food table on left when you walk in
Shawna bringing cupcakes
I'm supposed to pick up fruit tray from Fresh Thyme at 11:30
save receipt
dont forget folding card for diaper raffle

Call mom Saturday to see if she still wants a ride
Tasha's sister said street parking is easier behind the building
gps sometimes sends ppl to the alley so use main entrance
leave by 12:45 if I wanna avoid church traffic
wear the blue midi dress, comfy shoes",38,F,en_US,Elementary School Teacher,event,,,Notepad,Windows,Windows PC,2026.02.13,2026.03.23
959,959_ethan_caldwell,Ethan Caldwell,"County fair volunteer shift
Pine Ridge Fairgrounds in Springfield
Saturday, September 14.
Be there at 8:15 am, not 8:30.
The booth is by the red barn near gate C.
Ask for Melissa at check-in.
Bring sunscreen and the cheap sunglasses.
Need cash for lemonade truck.
Text Ben once I get parked.
Parking lot opens at 7:45.
Take donation jar labels from kitchen counter.
Remember this is the youth robotics fundraiser.
Stay till 1 pm unless they beg for extra help.
Wear the club shirt even tho it's kinda ugly.
Pick up raffle tickets from school office on Friday.
Do not forget folding chair again :(
Maybe swing by mom's after if I'm already on that side of town.",44,M,en_US,High School Physics Teacher,event,,,Notepad,Windows,Windows PC,2022.09.29,2026.03.23
960,960_jasmine_patel,Jasmine Patel,"cousin's courthouse wedding note
Seattle Municipal Courthouse
600 5th Ave, Seattle
Mon Nov 3
ceremony at 10:00 am

1. leave apartment by 8:40 bc downtown traffic is dumb
2. bring printed parking reservation just in case
3. cream outfit, low heels, simple jewelry

Call Meera when I'm outside
she said use the 4th Ave entrance
afterwards lunch at Il Corvo
reservation under Arjun maybe 12:15

- grab card from desk drawer
- tiny envelope too
- don't cry in pics, seriously

also maybe stop by Pike Place later if weather's nice
wanna get flowers before heading home
note to self: phone on silent before vows pls",29,F,en_US,Dental Hygienist,event,,,Notepad,Windows,Windows PC,2025.09.27,2026.03.23
961,961_marissa_cole,Marissa Cole,"Austin weekend art fair at Mueller Lake Park, 4550 Mueller Blvd, Austin, TX, Sat Apr 18.
Need to leave by 9:15 bc parking gets weird fast.
Booth check-in says 10am sharp, dont stroll in late again.
Bring square reader, cash pouch, blue table cloth, tape.
print tiny price cards fri night.
Text Nina when I get there so she can save me coffee.
Lunch maybe from that taco truck near the hangar.
Weather prob warm so no sweater, just hat.
Set up ceramic mugs in front, candles in back.
Remember sign: “handmade in ATX”.
If sales are slow, post quick IG story around noon.
Pick up extra change from bank on Thursday.
Address note for GPS: park by Aldrich St side.
Event goes til 4 but stay till breakdown is fully done.
Afterwards maybe swing by mom’s in Round Rock if not dead tired.
Dont forget folding chair this time.",31,F,en_US,Ceramic Artist,event,,,Notepad,Windows,Windows PC,2025.08.25,2026.03.23
962,962_daniel_mercer,Daniel Mercer,"Summer kickoff staff picnic
Riverside Community Park, 201 River Rd, Naperville, IL
Sunday June 7, 11:30 am - around 3ish

I said I’d bring the cooler and paper plates, so buy those Friday night.
Also grab veggie burgers bc Karen doesnt eat meat and last yr that got awkard.
Need sunscreen, frisbee, backup speaker, ice.

Ask Ben if kids are coming so I know whether to pack sidewalk chalk.
Maybe wear the green company tee unless it still smells like detergent aisle lol.
Parking lot fills by noon, better head out by 10:50.

Important: stop at Jewel on Ogden first for buns + lemonade.
Call dad later, cant do his garage thing same day.
Rain plan was the field house, but nobody sent final email yet.
Bring folding table if it fits.
Dont be the last one showing up agian.",44,M,en_US,High School Counselor,event,,,Notepad,Windows,Windows PC,2023.12.07,2026.03.23
963,963_priya_nand,Priya Nand,"Red-eye to Seattle for Maya’s engagement party
Flight is Fri Sept 11, 10:40 pm out of LAX.
Party itself is Sat Sept 12 at 6:30 pm.
Venue: Cedar & Pine Loft, 82 Bell Street, Seattle, WA.
Hotel check-in at Harbor Steps Inn after 1 pm.
Need gift bag, silver heels, charger, steamer.
Maya’s cousin said dress code is “dressy but not prom,” thank god.
Put Uber reminder for airport by 7:45 pm bc traffic will be gross.
Try not to overpack, only 2 nights.
Hair appt Thursday 5:15 in Culver City.
Save screenshot of boarding pass offline.
Text group when landed :))
Brunch next morning maybe at Storyville if everyone’s alive.
Ask hotel about late checkout.
Mail rent before leaving.
Dont forget tiny speech ideas in case they make me talk.
Bring tissues, I already know I’m gonna cry.",28,F,en_US,UX Researcher,event,,,Notepad,Windows,Windows PC,2023.01.15,2026.03.23
964,964_owen_whitaker,Owen Whitaker,"- county fair volunteer orientation
- Thurs Aug 13, 7:00 pm
- Ag Center Hall B, 940 Fairgrounds Dr, Des Moines, IA
- wear closed-toe shoes, not sneakers w holes
* bring ID for check-in
* parking pass should be emailed by Tuesday
* ask about booth shift on Saturday morning
• stop for gas first, tank was almost empty yesterday
• pick up clip board from office before 5
• maybe eat before going bc those meetings drag forever
1. confirm if I’m helping at ticket gate or livestock barn
2. write down emergency contact form stuff
3. remember to ask if Jackson can volunteer too
- call Aunt Bev after, her birthday dinner is same week
- dont lose the orange folder again",52,M,en_US,Insurance Adjuster,event,,,Notepad,Windows,Windows PC,2022.10.04,2026.03.23
965,965_elena_ruiz,Elena Ruiz,"Book club picnic thing — not really a picnic if we end up inside lol
Roseview Library garden, 14 Maple Ave, Portland, ME
Wed July 22
Start 5:45, actual discussion maybe 6:15?

Need to finish last 40 pages on Tuesday night.
Bring lemon bars if I have time after work.
- folding blanket
- bug spray
- sticky tabs for fave quotes

Call Jess on lunch break, she offered me a ride.
Also ask if outside tables are first come first serve.
if rain, backup room is downstairs meeting room B.

small intro game?? maybe everyone says summer read + worst beach snack.
Dont ramble abt chapter 9 again.
Wear the denim jacket bc Maine gets chilly fast.
Parking behind the post office after 5 is free I think.
Take a pen that actually works.
Could be fun, stop being weird abt it :)",35,F,en_US,Payroll Specialist,event,,,Notepad,Windows,Windows PC,2023.07.04,2026.03.23
967,967_marcus_bell,Marcus Bell,"Client appreciation dinner
Thursday June 6, 6:30 pm
The Harbor Room
18 Pier Avenue, Baltimore, MD
need navy jacket pressed
remember business cards
confirm headcount w/ Dana by noon

Valet starts at 6
ask for back private room under Bellmont Group
maybe bring small thank-you gifts for top 3 clients
dont order messy food lol

Parking backup: South Wharf Garage, 2 blocks over
call rideshare if dinner runs past 9:30
text Jamie when seated so he can join after train
quick intro remarks, keep it under 4 mins

after: send follow-up notes Friday morning
save receipt for finance
also noo heavy cologne this time",41,M,en_US,Account executive,event,,,Notepad,Windows,Windows PC,2024.06.08,2026.03.23
969,969_elena_brooks,Elena Brooks,"• title: Ava's kindergarten spring concert
• date: Tuesday April 23
• time: doors 5:30 pm, show 6:00 sharp
• place: Lincoln Elementary auditorium, 77 Palmer Rd, Des Moines
• use side entrance by the playground, front gets crowded
• bring tissues bc yes i'll cry again :((
• flowers after? maybe small ones only
• remind Dan to leave work early
• no giant stroller, staff asked last year
- park near the library lot if school lot is full
- teacher said kids need to be there by 5:15
- Ava wears the blue class shirt + black leggings
* phone on silent this time pls
* get one decent video for grandma
* maybe ice cream after if bedtime isnt a total mess
1) check weather in case we have to walk from overflow parking
2) pack extra hair ties and wipes",36,F,en_US,Physical therapist,event,,,Notepad,Windows,Windows PC,2022.11.26,2026.03.23
970,970_trevor_sloan,Trevor Sloan,"Birthday dinner for Nate
Friday Aug 9
7 pm reservation
La Mesa Grill, 4821 E Camelback Rd, Phoenix

Need to call and bump table from 6 to 8 ppl maybe
Jess bringing her cousin i think

1. grab card on lunch break
2. pick up the vinyl Nate wanted from Zia if still there
3. dont forget cash for splitting apps easier

- wear the black button-up, not the wrinkled one
- leave office by 5:40
- maybe park behind the shops bc valet takes forever

also after dinner maybe Bitter & Twisted around 9:30 if everyone still has energy
send final txt to group friday morning
note to self: say it's under Sloan, not Trevor Sloane, they always spell it rong",29,M,en_US,Audio engineer,event,,,Notepad,Windows,Windows PC,2026.01.03,2026.03.23
971,971_brianna_holt,Brianna Holt,"Sat farmers market + live jazz at Riverfront Plaza, 101 Water St, Wilmington
this Sat April 18
go early maybe 8:15 bc parking gets dumb fast
meet Tasha by the fountain if she actually wakes up
bring cash for honey guy + extra tote bags
coffee first from Elm St cart, not the watery one inside
text mom pics of the tulips if they still do that stand
jacket maybe, river gets windy
jazz set starts around 10:30 but wanna walk around before
ask about those ceramic mugs from the booth near the south entrance
dont forget tickets are free, just RSVP email in old message
bathroom is by the visitor center side
maybe grab lunch after at Harbor Kitchen on Front
if it rains move to Sunday same place, check city page by 7am
title so I dont blank again: Spring Market + Jazz Morning",31,F,en_US,Elementary School Teacher,event,,,Notepad,Windows,Windows PC,2024.08.09,2026.03.23
973,973_elena_vargas,Elena Vargas,"Book club: ""The Namesake"" discussion at Maple Grove Library, Room B, 980 Lake Ave, Rochester.
Thursday June 4, 6:30 pm sharp.
Bring the copy with my sticky notes, not the one from college.
Need 2 discussion points about family names and moving.
Ask Jenna if shes still driving or if I should meet there.
Library lot fills up after 6 so leave by 5:50.
Maybe wear the green cardigan bc the meeting rooms are always freezing.
Pick up lemon bars from Park Bakery on the way.
Remember to return the poetry book at the front desk first.
There was a $5 optional donation for snacks last month, bring cash.
Phone on silent this time, no repeat of that work call mess.
After club, check the used-book shelf near the lobby.
Write down that mystery title Carol mentioned if it comes up again.
If running behind, use side entrance by the garden.
Main thing: actually speak up and not just nod the whole time.
Home by 8:30 hopefully.",27,F,en_US,Graphic Designer,event,,,Notepad,Windows,Windows PC,2022.05.24,2026.03.23
974,974_calvin_reese,Calvin Reese,"• Event: Cousin Nate's backyard engagement party
• Date: Sunday July 19
• Time: 4 pm, maybe stay till 8ish
• Place: 1842 Willow Creek Rd, Plano, TX
• Bring folding chairs from garage
• Pick up sparkling water, ice, and the lemon cookies Aunt Dee likes
• Dress code kinda casual, collared shirt not a full suit
• Need card signed before I leave the house
• Call dad at 2 bc he will 100% ask for directions again
• GPS sometimes sends ppl to the back gate, use front entrance off Willow Creek
• Take pics for grandma since she cant make it
• Ask Nate which playlist he wanted, 90s stuff maybe
• Dont forget bug spray lol
• Might rain late, toss a light hoodie in truck
• If I get there early help string lights near the fence
• happy thing, dont show up grumpy from work :(",38,M,en_US,Auto Mechanic,event,,,Notepad,Windows,Windows PC,2025.02.04,2026.03.23
975,975_nadia_pierce,Nadia Pierce,"Reno trip note
hot air balloon festival maybe??
Fri Sept 11
Reno-Stead Airport, 4895 Texas Ave, Reno, NV
need to be there before sunrise, like 5:15 maybe

1) charge camera + extra battery
2) wear sneakers, dusty field last year
3) text Erin final hotel room number

also wanna hit Coffee N' Comics after, 940 Holcomb Ave if open early
parking said north lot but I should double check
- grab blanket from hall closet
- bring those hand warmers

if the wind is bad the launch gets delayed, so dont panic
pretty sure opening announcements start 6ish
this is the ""Reno Balloon Race morning"" thing, not the night glow
maybe dinner at Midtown after if we're not dead tired
note to self: no giant purse, just crossbody
and pls sleep before 11 for once lol",29,F,en_US,Product Manager,event,,,Notepad,Windows,Windows PC,2023.12.21,2026.03.23
976,976_marissa_holt,Marissa Holt,"Broadway flea market fundraiser at St. Luke's
Sat Apr 18, 10:30 am to around 3ish
church lot on W 46th St, Manhattan
need to be there by 9:50 bc setup
bring folding table from hallway closet
card reader, cash box, blue tape
ask Nina if she still has the price stickers
parking prob impossible so just take the 1 train
text group if raining hard by 7am
coffee first, dont show up grumpy
drop off baked stuff at welcome table not the side door
remember raffle jar + printed signs
wear old sneakers bc last yr it got muddy
afterwards maybe late lunch at the diner on 9th
if I forget anything: candles, extension cord, tablecloth ugh",34,F,en_US,Elementary School Teacher,event,,,Notepad,Windows,Windows PC,2022.04.28,2026.03.23
978,978_elena_vargas,Elena Vargas,"1. Parent-teacher conference night for Sofia.
2. Roosevelt Middle School, room 214, 733 Palm Ave, Fresno.
3. Thurs Sept 10.
4. Check-in starts at 5:40 pm.
5. Actual slot is 6:00 pm with Mr. Han.
6. dont be late again.
7. Bring math packet with the missing assignments.
8. Also the science fair sheet from the fridge.
9. Ask about reading group placement.
10. Ask if the late quiz can still be made up.
11. Stop by office first if I need visitor sticker.
12. Park on the side lot, front gets jammed.
13. Maybe grab coffee after at Willow Beans if it went okay.
14. Text Josh when heading out from work.
15. Need pen, not just phone notes.
16. wear decent shoes bc campus is bigger than I remember",29,F,en_US,Dental Assistant,event,,,Notepad,Windows,Windows PC,2024.11.24,2026.03.23
979,979_caleb_monroe,Caleb Monroe,"• Lakeview 5K charity run
• Sun May 3
• Lincoln Park, Chicago — south entrance by Cannon Dr
• check-in 7:00 am
• race start 8:00 sharp
• pick up bib on Sat if possible
• green shirt maybe, easier for Erin to spot me
• bring ID + water bottle + safety pins
• no huge breakfast, banana only
• stretch calves this time bc last race was rough
• Erin meeting near the statue at 7:20
• after race maybe brunch at Wildberry
• donate extra $10 if budget's okay
• set 2 alarms seriously
• if raining, still going unless its total storm mess",37,M,en_US,Auto Claims Adjuster,event,,,Notepad,Windows,Windows PC,2025.02.20,2026.03.23
980,980_simone_avery,Simone Avery,"Hair model appt for that color workshop downtown
ok details so I dont blank: Sunday Aug 16
Seattle Beauty Loft, 418 Pine St, 3rd floor
they said arrive 8:45, class starts 9:30
ask for Jenna at front desk

- bring plain black tee
- no heavy makeup
- hair clean but not flat ironed
- parking garage on 5th might be cheaper before 9

I said yes bc free cut + toner, but it'll prob take forever
Need charger, snack, tiny book maybe
Jenna's note said models stay till around 2 or 3 depending on demo

if it looks weird after, smile anyway :( 
maybe dinner with Rae in Capitol Hill after if im not too tired",26,F,en_US,Barista,event,,,Notepad,Windows,Windows PC,2025.03.24,2026.03.23
984,984_daniel_mercer,Daniel Mercer,"Brewers meetup / fantasy draft stuff
- Tues, August 25
- 7:15 pm, maybe show 20 min early
- Dugout Room at Casey's Tavern, 74 Mill St, Milwaukee

1. bring printed cheat sheet bc phone battery is trash lately
2. league buy-in envelope = 60 bucks
3. ask Marco if Trevor is still coming from Kenosha
4. reserve the long table in back if possible

Food:
* wings for the table?
* no mushrooms on the flatbread pls
* grab extra napkins, obvious reason

Need before I leave:
- charger
- green cap
- last year's standings sheet

if draft goes long, call rideshare instead of parking gamble downtown
Casey's number is in old text thread somewhere

might swing by the river after, weather should be decent :)
dont forget this starts at Casey's Tavern, not Marco's apt like last yr
end goal: survive 3 hours of everybody yelling about sleepers",41,M,en_US,HVAC Technician,event,,,Notepad,Windows,Windows PC,2025.06.28,2026.03.23
985,985_aimee_collins,Aimee Collins,"Parent-teacher night
Westfield Middle School, 88 Garnet Lane, Raleigh
Thursday Oct 14
first session 5:30 pm

Go over to science room 204 first bc Mr Bell fills up fast.
Then math in room 118 at 6:05.
Need to ask about missing project grade from last week.

bring notebook, not just random receipts in purse
maybe park near gym entrance, front lot gets jammed
Emma said choir might sing in the caf around 7

email from school said check in at main office
pick up fundraiser forms too
if running late, call school line on reminder email

done by 7:30 hopefully
grab coffee after bc long day",38,F,en_US,Insurance Claims Adjuster,event,,,Notepad,Windows,Windows PC,2026.01.03,2026.03.23
986,986_avery_collins,Avery Collins,"Boston trip for Jen's engagement brunch Sat May 16
North End, 312 Hanover St, Boston
train gets in 9:10 AM South Station
need to leave apt by 6:40 or I'll miss it again
bring blue wrap dress + nude shoes
gift bag is in hall closet top shelf
call Mia if weather gets weird +1 617-448-2193
brunch starts 11:30 but ppl prob show at noon lol
parking validation maybe not worth it
remember card for Jen + Chris, dont just venmo
after brunch maybe walk to waterfront if not freezing
backup coffee stop = Thinking Cup near station
text mom once I arrive so she doesnt fuss
hotel check-in 3 PM, Battery Wharf
ask front desk abt late checkout for Sunday
Sunday train home 4:45 PM
dont forget charger from kitchen counter",29,F,en_US,UX Researcher,event,,,Notepad,Windows,Windows PC,2025.09.14,2026.03.23
987,987_marcus_rivera,Marcus Rivera,"Summer block party meeting
Wed June 10, 6:30 PM
Rec center room B, 1843 W Monroe St, Chicago

Need to ask abt vendor tables and if DJ has his own speakers. Last yr the extension cords were a mess so write that down first this time.

- bring the permit copy
- check rain date (maybe June 17?)
- ask Carla if kids zone still by the basketball courts
- find out when food trucks can set up

Might stop by Home Depot before, need extra zip ties + poster board. dont be late again.

Call Mr. Lee at +1 312-555-8841 before 4 if the folding chairs arent confirmed.
Email from parks office said ""arrive 20 mins early"" but they always start late anyway.

wear the navy polo, not the paint-stained one
bring notebook from truck
after meeting swing by Jewel for ice + paper plates
title for flyer maybe just ""Maplewood Summer Night""
end around 8ish",41,M,en_US,Elementary School Teacher,event,,,Notepad,Windows,Windows PC,2022.12.08,2026.03.23
988,988_priya_shah,Priya Shah,"1. Dentist cleaning + whitening consult : )
2. Mon Aug 3
3. 8:15 AM check-in, dont cut it close
4. Bright Smile Dental, 5800 Bellaire Blvd ste 102, Houston
5. bring new insurance card
6. ask abt sensetivity from last time
7. no coffee before appt if I want pics taken
8. parking garage entrance is on Mapleridge not Bellaire
9. Dr. Kent's office number +1 713-240-6672
10. text Nate after bc he has the dog til 10
11. maybe grab smoothie at JuiceWell next door
12. reminder: submit PTO as ""medical/dental"" tonight
13. leave house by 7:25 bc school traffic is awful
14. take retainer case from bathroom drawer
15. ask for estimate before saying yes to anything extra
16. if they run late, move 10 AM standup to phone
17. floss the night before pls
18. no lipstick lol",34,F,en_US,Auto Claims Adjuster,event,,,Notepad,Windows,Windows PC,2024.12.06,2026.03.23
989,989_nolan_price,Nolan Price,"Fireworks game w/ dad
Friday July 24
7:05 PM first pitch
Riverfront Stadium, 100 Joe Nuxhall Way, Cincinnati

Tickets are in Ballpark app but screenshot too bc service there is trash sometimes
section 128 row J seats 9-10

* leave work by 4:45
* pick dad up from his place in Covington around 5:20
* park in Central Garage if under $25

grab him the unsalted peanuts, not the sweet ones
he'll wanna be there early for batting practice

Call if he changes his mind abt walking from the lot: +1 859-771-4306
weather looked hot, bring extra water maybe

Also ask abt Sept fishing weekend while we're waiting between innings. Been meaning to lock that down.

after game fireworks start maybe 20 mins later :)
dont forget portable charger
red cap is by the door
if rain delay, dinner at Moerlein nearby
title for calendar invite should just say Reds w Dad",38,M,en_US,UX Designer,event,,,Notepad,Windows,Windows PC,2023.07.24,2026.03.23
990,990_elena_brooks,Elena Brooks,"bridal shower for Tasha
Sun Sept 13
12:30 PM
The Garden Room, 88 Peachtree Rd NE, Atlanta
hosted by her cousins + me helping w setup

Need to be there by 11:15 to help w favors and the mimosa table. Last box of napkins should already be in my trunk but check saturday night.

- call bakery at +1 404-662-1189 by Friday to confirm ""Tasha"" spelling on cake
- pickup balloons from Party Loft, 10:00 AM same day
- bring tape, scissors, gold marker

Menu stuff:
finger sandwiches
fruit tray
mini lemon cupcakes
ice bc venue never has enough

People still not RSVPd:
1) Kendra maybe coming after church
2) Elise said she'll know by Thurs
3) Aunt Robin prob yes but late as usual

Wear green jumpsuit + low heels, not the strappy ones bc setup.
Take pics at entrance before everyone drops bags everywhere.

gift bingo cards print 25 copies at Staples Sat afternoon
playlist = soft R&B, no breakup songs omg
wrap present saturday nite :((
afterward maybe dinner in Midtown if energy left",31,F,en_US,Interior Designer,event,,,Notepad,Windows,Windows PC,2025.02.21,2026.03.23
991,991_marissa_cole,Marissa Cole,"Harbor Jazz Night at Pier 48, dont forget this is the one Ava kept talking abt
Friday June 19
doors 6:30 pm, music starts around 7:15
Pier 48 Warehouse
105 Harbor St, Baltimore, MD
park in lot C if its not full
grab cash for merch + drinks bc last time card machine was weird
text Nate when leaving work so he can save a spot
wear the denim jacket bc it gets windy by the water
need ID, ticket screenshot, portable charger
maybe leave by 5:40 if traffic is ugly again
after party thing at Little Fern on Aliceanna maybe, decide later
DO NOT mix up with the Saturday show lol
if running late just meet everyone near the side entrance
also maybe skip heels, bad idea on that pavement",29,F,en_US,Interior Designer,event,,,Notepad,Windows,Windows PC,2024.04.10,2026.03.23
992,992_terrence_boyd,Terrence Boyd,"Orlando flight for Janelle's wedding wknd
JetBlue confirmation in email somewhere, check again tmr morning
leave apt by 4:45 am or i'll 100% miss boarding :(
LGA Terminal B
flight Sat Aug 8 at 6:20 am

Wedding ceremony:
Lake Nona Garden Hall
6108 Pioneers Way, Orlando FL
be there by 3:30, starts 4 sharp apparently
navy suit pressed on Friday night

Reception after:
same venue, patio side
remember card/gift in carry-on not checked bag
call mom once landed
Uber to Marriott Village, check-in under T. Boyd
Sunday brunch 10:30 at hotel cafe if not too dead tired
pls dont forget cufflinks again",41,M,en_US,High School Counselor,event,,,Notepad,Windows,Windows PC,2023.09.03,2026.03.23
994,994_caleb_rios,Caleb Rios,"• Fantasy draft night
• Thurs Aug 27
• 7:00 pm sharp-ish
• Marco's apartment clubhouse
• 8810 Pine Terrace, Austin TX
- bring laptop + charger
- league fee $40 cash
- snacks: chips or those spicy peanuts
* ask Devin if he still has the extra folding chair
* set pre-rank list before work, dont wing it again
1. leave house by 6:20
2. gas up on way home
3. screenshot roster rules
4. remember keeper deadline is same night
5. maybe wear the lucky Astros cap haha
! text group chat when parked",27,M,en_US,Auto Claims Adjuster,event,,,Notepad,Windows,Windows PC,2025.11.17,2026.03.23
996,996_alyssa_moreno,Alyssa Moreno,"rooftop jazz night at Harbor House, 18 Pier Ave Santa Monica
fri june 21, doors 6:30, music prob starts 7ish
need to leave by 5:40 if traffic is bad again
table under my name maybe? check reservation email from Lena
bring light jacket bc ocean wind got me last time
parking garage on Appian Way was cheaper after 5
text Marisol when im on the road so she doesnt freak out
tickets were already paid, dont rebuy them lol
ask if they still do the little candle tables on the roof
maybe grab tacos first at the truck by the beach if dinner there looks too fancy
phone battery always dies at these things, pack charger
hair appt same day at 2 so dont schedule anything else
if it rains move might move inside, still go
wanna wear the black boots not sneakers
important: address for rideshare is 18 Pier Ave, not the hotel entrance
set reminder saturday morning to upload pics for mom",29,F,en_US,Elementary School Teacher,event,,,Notepad,Windows,Windows PC,2023.02.15,2026.03.23
997,997_marcus_bell,Marcus Bell,"Dad's retirement dinner
Thursday Aug 14
7:00 pm at Lakeview Grill, 455 W Market St, Cleveland
call ahead Wed afternoon to confirm they kept the back room.
 
Need count for family: me, Tasha, Mom, Dad, Aunt Rene, both cousins, maybe Uncle J if he gets off work.
Dad said no huge speech but somebody has to say something or it'll be awkward.
Pick up the framed photo from Walgreens on lunch break.
 
Ask server abt separate dessert plates, he loves cheesecake and acts like he doesn't :))
Bring the card from the garage guys, they all wanted to sign it.
Remember to wear the blue button down, not the work polo.
Parking lot is tiny so maybe Uber if Tasha's coming from downtown.
Backup spot if Lakeview messes this up: Oak & Elm Tavern on 9th.
Need to leave office by 5:45 latest.
Text sis the exact address again bc she always goes to the wrong Lakeview.
save receipt, maybe company reimburses part since it's partly for his old team too.
don't tell Dad about the slideshow",46,M,en_US,Auto Shop Manager,event,,,Notepad,Windows,Windows PC,2025.08.13,2026.03.23
999,999_daniel_whitaker,Daniel Whitaker,"1. Fantasy football draft night
2. Aug 30, Friday, 8:00 pm sharp-ish
3. Evan's apartment clubhouse, 1717 N High St, Columbus
- bring laptop AND charger, not just phone
- league fee is $40 cash or Venmo before first pick
* grab wings from North Side BBQ by 7:15
* no ranch on mine
• check if clubhouse code changed again
• ask Evan where guests are supposed to park now
+ print cheat sheet at work if printer isn't jammed lol
+ set auto draft off this time, never again
- Tyler said he'd bring extra extension cords
- maybe wear the Browns hat for luck even tho it's cursed
4. text group around noon to confirm nobody moved the time
5. if running late, share location so they dont start roasting me in chat
6. draft usually goes 2.5 hrs, dont book anything after
7. stop at ATM on the way just in case Venmo acts dumb",38,M,en_US,IT Support Specialist,event,,,Notepad,Windows,Windows PC,2023.11.12,2026.03.23
1000,1000_rebecca_sloan,Rebecca Sloan,"NYC weekend - cousin Jen's courthouse wedding
Title: quick family trip + ceremony
Mon Oct 6
train from Philly 8:10 am, Moynihan by 9:35 if no delays
1) Ceremony at Manhattan City Clerk, 141 Worth St, 11:30 am
Need my ID bc Jen asked everyone to bring one for building check-in
 
after that maybe coffee at Felix on Lafayette
then photos near City Hall Park if weather's decent
- wear the green dress, pack flats in tote
- bring mini steamer bc that fabric wrinkles sooo easy
 
Dinner resy 6:45 pm at Palma, Cornelia St
call restaurant by Sat to mention Aunt Bev cant do nuts
also maybe swing by hotel first: Walker Hotel Greenwich Village, 52 W 13th St
if room isnt ready just leave bags w front desk
Jen's florist number in case she panics: +1 646-555-0184
:(( do NOT cry before makeup pics
subway fallback is A/C/E but honestly just cab after dinner
send Mason the hotel address so he can meet us for brunch Tues",31,F,en_US,Product Manager,event,,,Notepad,Windows,Windows PC,2022.06.06,2026.03.23
1101,1101_alyssa_moreno,Alyssa Moreno,"Lena + Mark engagement dinner
 Sat Apr 18
 6:30 pm, dont be late again
 Laurel Hall
 1123 E 11th St
 Austin
 navy dress if its clean
 bring the card + cash for valet
 text Maya at +1 737 248 6419 if running late
 ask if Chris is still bringing the speaker
 leave home by 5:40 bc I-35 will prob be awful
 grab wrapped frame from closet shelf
 dont forget heels in trunk
 dinner first, then toast around 8
 pics on patio after sunset
 maybe uber back if having wine
 touch up lipstick in the car
 seriously no last min panic this time",29,F,en_US,Graphic Designer,event,,,Notepad,Windows,Windows PC,2025.06.18,2026.03.23
1102,1102_brian_kellogg,Brian Kellogg,"Spring plant swap at Greenway Garden
 Sun May 3
 10am to 1ish
 418 Monroe Ave, Rochester
 bring folding crate, labels, cash
 
 table check-in opens 9:30
 parking behind the rec center, not on Monroe if possible
 Jenna said text her at +1 585 641 2280 if the seedlings tip over again :))
 basil cuttings, 2 tomato starts, extra mint
 maybe trade for peppers or herbs
 
 wear old sneakers bc mud
 bring the blue tablecloth from basement
 coffee first at Pearl St Cafe around 8:45
 print little sign w/ Venmo
 dont forget sunscreen
 leave room in trunk for whatever comes home
 ask about next month's compost workshop
 take pics of booth setup",41,M,en_US,Warehouse Supervisor,event,,,Notepad,Windows,Windows PC,2023.02.19,2026.03.23
1103,1103_danielle_price,Danielle Price,"going to Denver for Kayla's graduation, honestly i'm kinda stressed about all the travel stuff.
flight leaves Friday June 12 at 7:10 a.m.
i land at DEN around 9:05, hopefully i dont get stuck on the tarmac.
the hotel is Staybridge downtown, 333 W Colfax Ave.
the ceremony is Saturday at 2 p.m. at the University of Denver, Magness Arena, basically gotta be there early.
pack the navy blazer.
gift card goes in the backpack front pocket so i dont lose it.
basically check in online Thursday night.
ask for an aisle seat if possible cuz i hate being squished.
Mom wants pics right after the ceremony.
dinner reservation is 6:30 p.m. at Rioja, 1431 Larimer St.
charger and extra battery.
leave for the airport by 4:45 since TSA there is so slow, i actually hate that part.
text Uncle Ben once I land at +1 303 846 1172.
try not to overpack like last time, seriously.
bring allergy pills bc the dry air wrecks me.
book the Lyft from hotel to arena the night before.",24,F,en_US,Graduate Assistant,event,,,Notepad,Windows,Windows PC,2024.06.22,2026.03.23
1104,1104_marcus_ellison,Marcus Ellison,"1) Cedar Creek 10K
 2) Sunday Sept 14
 3) check-in 6:45 a.m.
 4) start line at Riverfront Park, 201 N Water St, Cedar Creek
 - bib pickup Saturday 3-6 p.m. at Fleet Feet, 88 Main St
 - pin bib the night before
 - charge watch
 * put gels in the side pocket
 * black cap if sunny
 * old hoodie for waiting around
 • parking garage on Walnut opens at 5:30
 • warm up jog 10 min max, dont overdo it
 • stretch calves bc last race = bad idea
 - meet Tori by the fountain at 6:30
 - her cell +1 414 772 9055
 * finish brunch maybe at Maple Counter, 312 Oak Ave
 * save receipt for team reimbursement
 • bring ID and insurance card just in case
 • no dairy at breakfast
 - set 2 alarms, 4:50 and 4:55
 - leave apartment by 5:35
 * post-race shirt size is medium
 • remember inhaler",36,M,en_US,Physical Therapist,event,,,Notepad,Windows,Windows PC,2024.02.25,2026.03.23
1105,1105_tiffany_hsu,Tiffany Hsu,"Block party volunteer day - Oakview block party
 Sat Aug 22, 11am-5pm, Lincoln Park, 77 Waverly Rd, Columbus
 kinda nervous bc I said yes to the welcome table and now I actually have to talk to people lol
 need cash box, tape, markers, signup sheets, the little raffle jar
 
 - be there by 10:15 for tent setup
 - check extension cords for the speaker
 - put kids raffle tickets separate from food tickets
 
 Mrs. Alvarez is bringing the folding chairs.
 Ben said the bounce house truck should arrive before 9:45.
 I need to call city parks if the gate is still locked.
 
 1. grab ice from Market Fresh on the way
 2. text Sam at +1 614 908 3341 if im running late :)
 3. dont forget the neighborhood banner in garage bay 2
 after 3 pm switch with Dana at the face-painting booth
 music set starts 1:30 near the basketball court
 rain backup is the church gym across from the park",33,F,en_US,Elementary School Teacher,event,,,Notepad,Windows,Windows PC,2022.10.04,2026.03.23
1106,1106_lauren_bishop,Lauren Bishop,"Harbor Lights Summer Gala
 Sat June 20, 2026, starts 6:30 pm but get there by 5:45 for check-in
 Riverside Loft, 418 Water St, Milwaukee
 black dress + low heels, bring flats too bc standing forever
 table host is Jenna from work, text her if parking is weird +1 414-555-0186
 auction paddle pickup near front desk, dont forget ID
 Mom wanted pics of the flower wall so do that early before it gets crowded
 Need envelope for donation, min $75, already set aside cash
 ask valet if they validate, last yr they didnt and it was annoying
 hair appt same day 2:15 at East Glow Salon
 leave apt no later than 4:50 if traffic on I-43 is bad
 possible afterparty at Finch Bar on Jefferson but only if not exhausted
 tiny clutch only, the bigger purse looked clunky
 email from organizer said dinner service around 7:20 and speeches at 8ish
 seat request maybe near patio if I can swing it, less loud
 also RSVP for Noah? he said maybe, follow up Thurs night
 phone charged, cash, lipstick, invite screenshot
 pls do NOT forget the silver wrap bc that room gets freezing",34,F,en_US,Marketing Manager,event,,,Notepad,Windows,Windows PC,2024.06.09,2026.03.23
1107,1107_marcus_holloway,Marcus Holloway,"Flight note - Denver cousins reunion :))
 LAX Terminal 3, Delta flight DL1284
 Fri Aug 14, 2026
 boarding 8:05 am, takeoff 8:50 if no delays
 
 land in Denver around 12:10 pm local
 pickup spot: west garage level 2 near row G, Aunt Cheryl said call when bags are out +1 303-555-0112
 if she cant make it, backup is cousin Nate in the blue Tacoma
 
 event itself is Sat Aug 15 at City Park Pavilion, 2001 Steele St, Denver
 family picnic starts 1 pm but grandma photos at 12:15 sharp
 bring old baseball pics for the memory table
 also remember folding chair bc last reunion I ended up on the grass lol
 
 hotel check-in Fri after 3 pm
 Staybridge Suites Downtown, 333 W Colfax Ave
 confirmation email under marcus.holloway82@gmail.com
 
 need a light jacket for night, Denver gets chilly even in Aug
 set alarm for 5:10 am, leave apartment by 6 latest
 grab charger from kitchen counter before heading out
 text Tia once landed so she quits worrying
 maybe swing by Little Man Ice Cream after dinner if ppl still have energy",41,M,en_US,High School History Teacher,event,,,Notepad,Windows,Windows PC,2022.08.19,2026.03.23
1108,1108_priya_nand,Priya Nand,"Monday vendor expo at the convention center, basically gonna be huge.
Main thing: gotta get to registration before 8:30 am or ill be screwed.
Chicago Convention Hall B, 2310 S Lake Shore Dr, Chicago.
Monday, September 21, 2026.
Panel with the retail tech group starts 9:15, dont be late.
i rly need a booth map because last time i wandered forever and it sucked.
Lunch meetup with Sam at 12:40 near the atrium cafe.
bring the sample packaging and the small banner stand, dont forget.
Parking entrance should be on Martin Luther King Dr side.
Call the freight desk if the boxes still aren't there: +1 312-555-0179.
wear comfy shoes, not the pointed ones because my feet will literally fall off.
ask Nora about the new barcode scanner pricing.
collect 6 supplier cards.
Hotel is Hampton Inn McCormick Place, 123 E Cermak Rd.
Tuesday breakfast meeting moved to 7:10 am, not 7:30, ugh hate this.
set a second alarm bc i slept through the first one last trip and was so embarrassed.
need photos of receipts.
do not leave without the signed demo form, seriously.",29,F,en_US,Product Designer,event,,,Notepad,Windows,Windows PC,2022.08.30,2026.03.23
1109,1109_evelyn_hart,Evelyn Hart,"1) Bridal shower for Mia
 2) Sunday April 12, 2026 - 1:00 pm to around 4ish
 • Rosewood Tea Room, 58 Maple Ave, Hartford
 - park in back lot, street parking looked tiny when I drove by
 * bring lemon bars by 12:30, pickup from Sweet Crumb at 11:45
 • gift is the blue Dutch oven, still need tissue paper
 - host is Kelsey, text if running late: +1 860-555-0142
 * games start early apparently, so dont stroll in at 1:20 again
 • ask about gluten-free tray for Aunt Denise
 - Mia's cousin filming little messages, think of smth nice to say
 * maybe wear the green floral dress, steamed this time pls
 • take pic of invite bc I keep losing it in messages
 - after party maybe at her sister's place, 19 Birch Lane, West Hartford
 * could leave by 4:30 if dog walker has to go
 • card still unsigned wow, do that Sat night
 - balloons from Party Spot already paid
 * dont forget cash tip for bakery",37,F,en_US,Dental Hygienist,event,,,Notepad,Windows,Windows PC,2024.01.18,2026.03.23
1110,1110_jordan_pike,Jordan Pike,"Team offsite / kinda all over the place
 Wed Oct 7, 2026
 Seattle first, then ferry over
 
 1. breakfast w/ design leads 8:00 am at Pine & Cedar Cafe, 94 Stewart St
 need to be there 7:45 bc Maya hates late starts
 
 - ferry check-in by 10:10
 - Pier 52, Seattle Waterfront
 - tickets in email: jpike.ops@gmail.com
 
 
 client workshop after lunch
 Bainbridge Works Studio, 410 Harbor Sq Loop, Bainbridge Island
 starts 1:30 pm, maybe ends 4:45 if ppl stop talking lol :(
 bring printed agenda + sticky dots + charger
 
 2. dinner reservation maybe for whole group
 Harbor House, 500 Winslow Way E
 6:30 pm under Jordan P.
 
 call Ben if the projector case doesn't show up +1 206-555-0133
 also ask if Ava is still joining from Portland
 weather note: prob rain, pack the good jacket not the flimsy one
 
 last ferry back is 9:35 pm so dont miss it
 backup hotel if everything runs late: Eagle Harbor Inn, 291 Madison Ave N",32,M,en_US,Operations Coordinator,event,,,Notepad,Windows,Windows PC,2026.01.18,2026.03.23
1111,1111_marissa_coleman,Marissa Coleman,"Spring Craft Fair at Riverside Market, dont forget this one bc I already missed the winter fair last yr. Sat April 18, 2026, 10am to 3pm, Riverside Market Plaza, 2148 Waverly St, Columbus, OH. booth check-in starts 8:30 so leave by 7:50 max. bring card reader, cash pouch, table cloth, tape, mini sign, water. text Jenna if running late at +1 614-555-1842. parking lot entrance is off Mason Ave, not the front side. need 2 folding chairs from garage. maybe wear the green hoodie if it’s chilly. ask about booth B-12 near the coffee stand. lunch break maybe around 12:40 if crowds slow down. also grab change from bank fri after work. title for sign should say handmade candles + wax melts. dont forget Square charger, seriously. weather note said prob breezy but okay. if sales are decent, stay till close and check out the pottery booth after.",34,F,en_US,Elementary School Teacher,event,,,Notepad,Windows,Windows PC,2022.02.14,2026.03.23
1112,1112_daniel_ruiz,Daniel Ruiz,"Title: Cousin Maya engagement dinner :))
 Friday May 8, 2026
 6:30 pm reservation, dont show up late again
 La Paloma Grill, 8824 East Ridge Rd, Tucson, AZ
 
 Need decent shirt, not the faded blue one
 pick up gift card on lunch break Thurs
 Mom said maybe 14 people total
 ask for patio table if weather is nice
 
 Drive time from apt is around 22 mins
 leave by 5:45 bc Friday traffic is dumb
 parking behind the restaurant off Linden Ct
 
 Maya’s fiancee parents coming too, be normal lol
 bring phone charger
 snap one pic with grandma before dessert
 check if theyre doing speeches
 maybe call Leo after work if I need him to cat-feed
 reservation under RUIZ party
 dont forget envelope in desk drawer",29,M,en_US,Auto Parts Sales Associate,event,,,Notepad,Windows,Windows PC,2022.07.17,2026.03.23
1113,1113_tiana_brooks,Tiana Brooks,"Annual library volunteer orientation is on Monday June 1, 2026.
 Starts at 5:45 pm and prob runs till 7:30.
 Downtown Public Library, 55 Cherry Center, Rochester, NY.
 Use the side entrance near the mural.
 Bring ID for the visitor badge.
 Need the navy notebook, not the old spiral one.
 Ask about summer reading kickoff dates.
 Remember to sign the background check form.
 Parking garage ticket gets validated at the desk.
 Text Erin when I get there at +1 585-555-2716.
 I said I could help w the kids craft table maybe.
 Wear comfy shoes bc last time there was lots of standing.
 Grab a sandwich first or I’ll be cranky.
 The training room is on floor 2, room Cedar B.
 Set alarm for 4:50 so I dont rush again.
 Afterward maybe stop by Wegmans for coffee pods.
 Not optional: bring reading glasses.",41,F,en_US,Dental Hygienist,event,,,Notepad,Windows,Windows PC,2023.09.01,2026.03.23
1114,1114_kevin_whitaker,Kevin Whitaker,"* Dad's retirement brunch
 * Sunday July 12, 2026
 * 11:00 am
 * Harbor View Room, Seaside Hotel, 19 Bay Front Dr, Portland, ME
 * call venue Friday to confirm headcount maybe 18 or 19
 * order flowers for Mom too, small not huge
 * print old fishing pic for memory table
 - leave house by 10:10
 - bring speech note card in jacket pocket
 - ask sister if she still has the slideshow on USB
 - parking is valet only, kinda annoying
 1. Dad likes carrot cake better than chocolate, remind server
 2. Tell host the reservation is under Whitaker
 3. Try not to make speech too long
 4. Save a seat near Aunt Bev bc she cant hear well
 • maybe toast around 11:45
 • pick up framed gift from Oak St shop Sat afternoon
 • charge camera battery tonite",57,M,en_US,Building Inspector,event,,,Notepad,Windows,Windows PC,2024.01.22,2026.03.23
1115,1115_alyssa_nguyen,Alyssa Nguyen,"brunch + bloom market thing for Nia
 April 26, 2026
 maybe aim for 9:15 am first, then flowers after
 meet at Honey Fern Cafe, 302 Maple Ave, Asheville, NC
 
 Nia wants pastries first lol
 if cafe is packed, backup is Cedar Spoon two blocks down
 text her when parked, she never hears the first call :( 
 
 - flower market opens 11 at Pack Square lawn
 - bring tote bag and cash, some vendors hate cards
 - maybe get lavender bunches for the apt
 
 also check pop-up candle stand near the fountain
 weather should be warm-ish, maybe denim jacket only
 need to be back by 2 bc zoom training at 3
 
 remember this is kinda her late bday hang, not just errands
 gift is the tiny gold bookmark, already wrapped
 parking note: Rankin Garage entrance on Walnut
 if running behind, tell her straight up, no fake ""5 mins away"" this time",26,F,en_US,UX Designer,event,,,Notepad,Windows,Windows PC,2024.02.16,2026.03.23
1116,1116_melissa_grant,Melissa Grant,"Harbor Cleanup volunteer day at South Pointe Pier, 1 Washington Ave, Miami Beach.
 Sat April 18.
 check-in 7:15 am.
 bring old sneakers + gloves.
 parking prob easiest on Washington if I get there before 6:50.
 text Nina if running late +1 305 555 1842.
 need sunscreen, hat, refill bottle.
 after cleanup they said coffee truck is staying till 11-ish.
 I signed up for table 4 but maybe ask to switch if they put me on trash-sorting again.
 remember waiver email came from coastdaymiami@outlook.com
 .
 do NOT wear the white tee.
 grab extra bags from closet fri night.
 might rain a little so toss poncho in tote.
 leave apartment by 6:20 no excuses.
 also bring the little claw picker from trunk.
 if mom asks, yes I'll still be back by lunch.
 kind of excited bc last yr was actually fun and not just gross lol",29,F,en_US,Elementary School Teacher,event,,,Notepad,Windows,Windows PC,2022.04.10,2026.03.23
1117,1117_darren_holloway,Darren Holloway,"1) going to that City Tech Job Fair thing
 2) Thurs, May 7
 3) Phoenix Convention Center, West Hall, 100 N 3rd St, Phoenix
 4) doors open at like 9:00 am but i really need to be there at 8:20 so i dont get stuck in a massive line, i hate waiting
 5) print 12 resumes tonight, dont forget or im screwed
 6) navy shirt, NOT the wrinkled blue one that looks gross lol
 7) bring charger + folder + mints
 8) booths I actually care abt: Desert Grid, Sontera IT, ByteSpan
 9) ask abt remote/hybrid stuff but basically dont ramble too much like last time
 10) lunch meetup maybe 12:30 w/ Luis near food court :)
 - bonus stop: panel on switching careers at 2 pm
 * parking garage entrance on Monroe St, gotta find it early
 • save recruiter name if convo goes well or just write it on the back of a card
 - follow-up emails by Friday morning, ugh
 11) if too crowded, prob just circle back after 1:30
 12) backup contact from signup page: careers@azworkweek.org
 
 13) seriously, wear comfy shoes this time or i'll be miserable",41,M,en_US,Auto Claims Adjuster,event,,,Notepad,Windows,Windows PC,2025.01.10,2026.03.23
1118,1118_priya_nand,Priya Nand,"dental board workshop is finally this weekend and honestly i'm kinda stressed, cant blow it. it's at MidTown Learning Center, 245 W 38th St, New York, on Sunday June 14 from 10 am to 4 pm, and i really need to leave Queens by 8:30 bc the subway is basically a nightmare on Sundays and i'm always late.
- bring notebook, colored tabs, charger, and the packet Dr. Levin sent
- basically need coffee before the first session or i'll be half asleep, no joke
- lunch break around 12:45 so prob pack a sandwich so i dont waste money downstairs.
- call front desk if i get lost +1 212 555 7714.
there is a mock exam after 2 which is actually the whole reason i signed up so dont sneak out early even if my brain feels totally fried, i'm so tired. remember Karen said this helped her pass, so quit panicing and just do it.
 also parking app for the garage nearby was ParkFast i think
 double check name badge email tonight
 try to sit near the front, i get distracted so easily
 bring sweater bc those rooms get freezing
 dont forget ID
 and yes, sleep early for once :)",27,F,en_US,Dental Assistant,event,,,Notepad,Windows,Windows PC,2024.10.22,2026.03.23
1119,1119_jordan_pike,Jordan Pike,"Summer league opener vs Northside Falcons
 Riverside Sports Complex, Field B, 880 Lakeview Dr, Columbus
 Friday, June 5
 kickoff 6:30 pm
 Be there 5:40, no last-minute sprinting from work again.
 
 Might be hot, maybe gross-hot, so freeze 2 water bottles tonight.
 Need black socks, shin guards, blue jersey, tiny tape roll.
 Coach said warmups start right at 6.
 text Evan about carpool maybe +1 614 555 9026.
 
 After game maybe burgers at Hank's if ppl are up for it.
 I owe Mia $12 from last week, pay her back.
 Stretch hamstring before leaving house bc it was acting up.
 Ref fee already covered, don't bring cash for that.
 
 If rain gets bad check the rec league page around 4 pm.
 Would love not to embarass myself in the first 10 mins :((
 set alarm to leave office by 4:50 sharp",34,M,en_US,Graphic Designer,event,,,Notepad,Windows,Windows PC,2022.11.17,2026.03.23
1120,1120_elena_brooks,Elena Brooks,"Cousin Tasha's baby shower
 Sunday Aug 9
 11:30 am brunch start
 The Willow Room, 58 Oak Terrace, Nashville
 
 I said I'd get there early so:
 - leave by 10:35
 - pick up balloons from Party Spot on Charlotte Pike
 - text Aunt Rene when parked, +1 615 555 4438
 
 The invite said ""garden pastel"" but honestly prob just wear the green dress.
 Need gift bag, card, tape, and the little book for baby notes.
 
 cake table setup maybe around 11
 remember Tasha hates tons of glitter, keep it simple
 if bakery messes up call Sunbeam Cakes right away 615-orders@sunbeamcakes.com
 
 
 also
 there's that diaper raffle thing
 grab pack from Target saturday night
 
 Parking is behind the venue off 9th, not in front.
 Take pics of the centerpieces for mom.
 Stay at least till 2:30 even if the games get corny lol",31,F,en_US,Payroll Specialist,event,,,Notepad,Windows,Windows PC,2024.11.12,2026.03.23
1121,1121_melissa_carter,Melissa Carter,"Downtown Book Fair next Sat at Riverfront Plaza, 201 E Water St, Milwaukee.
 Need to leave by 8:15 so I can park before the crowds.
 Booth check-in starts 9am, dont be late again.
 Bring folding tote, card reader, black pens, tape.
 Text Jenna if table banner is still in her trunk.
 Her cell is +1 414-555-0837.
 Maybe wear the blue sweater bc morning by the lake gets chilly.
 Lunch break around 12:30 if lines arent insane.
 Remember signed copies of the poetry zine.
 Cash box from desk drawer.
 Square charger from kitchen counter.
 After fair, stop at Third Ward Coffee, meeting Eli there at 4.
 If rain starts, move boxes under canopy right away.
 Book fair ends 3:30 but packing out probly till 4ish.
 Sunday Oct 19, Riverfront Plaza, Milwaukee, all set just dont oversleep.",34,F,en_US,High school teacher,event,,,Notepad,Windows,Windows PC,2025.12.19,2026.03.23
1122,1122_jordan_ellis,Jordan Ellis,"Cousin Maya engagement dinner :)
 Friday, June 12
 7:00 pm at La Paloma, 2456 Mission St, San Francisco
 
 Need to call restaurant thurs afternoon to confirm they kept the back patio reservation for 11 ppl.
 Ask if Uncle Rob can still bring his own cake stand.
 Dress code is kinda dressy, not full suit tho.
 
 Bring card + little gift bag from Target.
 Dont forget to pick up flowers near the BART stop.
 Maya said parking there is awful so just rideshare.
 
 If running late, text Nina at +1 628-555-1942.
 Also send the photo from brunch last month, she wanted it for the slideshow.
 Email from venue girl was events.lapaloma.sf@gmail.com
  in case they act confused again.
 
 Leave apartment by 5:50 bc Friday traffic is always gross :))
 Maybe eat a snack first so I dont attack the apps immediately.
 Remember to say congrats before getting pulled into family chaos.",29,M,en_US,Product designer,event,,,Notepad,Windows,Windows PC,2025.04.24,2026.03.23
